IMDb_ID,Title,Year,Genre,IMDb_Rating,Votes,Director,Main_Actors,Runtime,Plot,Poster_URL
tt10663998,Widow of the Revolution: The Anna Larina Story,2000,Documentary,10.0,28,Rosemarie Reed,"Stephen F. Cohen, Vanessa Redgrave",N/A,N/A,N/A
tt31381024,Everyday Readers,1998,Family,10.0,25,Patrick Redsell,Peter Sallis,N/A,A practical guide on ways to help young children to develop the background skills which lead them into reading. Through out the film it has actor Peter Sallis talking about all of the guide ways to get young children to develop th...,N/A
tt36745079,For Such a Time As This,2025,Documentary,10.0,21,Elgin Cahill,"Elia Gourgouris, Randy McNeely",N/A,The heart warming true story of how a moment became a Movement to change the World through Kindness. The Universe has its ways of manifesting magic at a time of its choosing. That time was 9:57 a.m. on Good Friday morning 2023 whe...,https://m.media-amazon.com/images/M/MV5BMzNiMjBiODAtNTNjMy00ZDU5LTllMzQtNTM1Yjk3ZjM2ZDc5XkEyXkFqcGc@._V1_SX300.jpg
tt13509826,FDA: Fresh Empire Campaign,2016,Reality-TV,10.0,20,Dylan Verrechia,"Jay-Z, Lenny Santiago, Dylan Verrechia",N/A,N/A,N/A
tt13561926,Victoria's Secret: Show at the Fashion Café,1998,Music,10.0,20,Dylan Verrechia,"Tyra Banks, Naomi Campbell, Christy Turlington",N/A,N/A,N/A
tt13520676,Webster Hall presents Cindy Lauper,2002,Music,10.0,17,Dylan Verrechia,"Cyndi Lauper, Dylan Verrechia, Angie Wong",45 min,N/A,N/A
tt33503920,Hu Tara Vina Kai Nai,2024,Romance,10.0,15,Dhruval Sodagar,"Umesh Barot, Rubina Belim, Kuldeep Mishra",125 min,"Hu Tara Vina Kai Nai"" revolves around a newly married couple, Parth and Priya. Eager to start their life together, they soon find themselves struggling to live under the same roof just one year into their marriage. As frustrations...",https://m.media-amazon.com/images/M/MV5BYmExZmY5YzItNmU2Yi00NmQ1LWI0ZTEtZGRmM2U5N2M0MTQyXkEyXkFqcGc@._V1_SX300.jpg
tt2385143,McTaggart's Fortune,2014,Adventure,10.0,14,Gary Ambrosia,"Kathryn Adams, Gary Ambrosia, Daniel Bridges",N/A,"Three high school students search for a lost treasure in their hometown, only to be haunted by the ghosts that protect the lost fortune.",https://m.media-amazon.com/images/M/MV5BMTQzMzc2NTY4N15BMl5BanBnXkFtZTcwMDcwODI2MQ@@._V1_SX300.jpg
tt10222148,Silenced as mercury rises,2021,Documentary,10.0,13,"Chad Murdock, Karl Andre Talbot","Mike Adams, Robert Scott Bell, Del Bigtree",N/A,N/A,https://m.media-amazon.com/images/M/MV5BZTRjZTI1NjUtNDA1My00ZWEyLTg0NGItOGJjMWFhZWRmYWQzXkEyXkFqcGdeQXVyMjk4NDMwMjI@._V1_SX300.jpg
tt15481906,Transilvania for Sierra Leone,2021,Documentary,10.0,13,Octavian Caldarari,"Catalin Priscornita, Albert Deak, Ana Caras Petcu",N/A,"The biggest educational charity event in Sierra Leone, started by two off-road racers from Romania. After they finished the Budapest-Bamako race they gave over 5000 schoolbags donated from all over Romania to children from Africa.",https://m.media-amazon.com/images/M/MV5BNmRlNWVkYTQtZjBkYS00ZDcxLWI2NjgtYWFlMmQ1YWU5YWZmXkEyXkFqcGdeQXVyMTI4ODYyODc5._V1_SX300.jpg
tt1423343,Bob vs. Society,2009,Comedy,10.0,12,David Pring-Mill,"Rachel Bloom, Eric Chu, Walter Hoffman",90 min,"""Bob vs. Society"" chronicles a few days in the life of a misanthrope named Bob. Bob is a washed-up energy trader who now ekes out a living in New York City by working in a comic book store. Naturally, Bob's marriage with his young...",N/A
tt1427969,The Lost Spirits,2009,Documentary,10.0,12,"Charles George Barron, Eric Paul Maryea","Ben Avishai, Christopher Castellino, Eric Gieg",53 min,One Tribe. One Government. One Road. The story of how the modern day Matinecock tribe deals with its controversial past.,https://m.media-amazon.com/images/M/MV5BMTU4MzY5MzU0NV5BMl5BanBnXkFtZTgwMDg1MzA2MDE@._V1_SX300.jpg
tt27050508,Gujariya 2020,2020,Crime,10.0,12,Anshuman Singh,"Shivi Bajpai, Shubham Singh Bhadaurya, Parv Bhatia",N/A,N/A,N/A
tt5533084,Happy Lucky Golden Tofu Panda Dragon Good Time Fun Fun Show,2017,"Comedy,Documentary,Music",10.0,11,Carrie Preston,"Lyris Hung, Kate Rigg, Carrie Preston",75 min,"East Meets West in this live stand-up comedy, sketch, and rock n' roll/spoken word concert film focused on Asian American themes - immigration, bowl cuts, personal identity, math nerds, stereotypes, empowerment, the model minority...",https://m.media-amazon.com/images/M/MV5BMzBmN2FhNzctZDY0ZS00MmU5LWE0MzItZjlkY2YyMDlmNDRkXkEyXkFqcGdeQXVyODQwNzQ4Mg@@._V1_SX300.jpg
tt36414244,Mississippi Speed Record: An Epic Adventure,2024,Documentary,10.0,10,"Alex Maier, Amy Robin","Paul Cox, Scott Mansker, Scott Miller",86 min,"Embark on an epic journey with four adventurous spirits as they undertake the ultimate test of endurance and determination. Mississippi Speed Record: An Epic Adventure follows their incredible quest to paddle the entire 2,340 mile...",N/A
tt38755080,Benvindo... a Vida,2025,Documentary,10.0,10,"Felipe Cantieri, Pedro Pirim","Felipe Cantieri, Pedro Pirim, Pedro Pirim",N/A,N/A,N/A
tt30523108,Red Shadow,2022,Thriller,10.0,9,Jollymas,"Manu Mohan, Deepa Surendran",117 min,Fourteen year old Daliya and his football coach Anto go missing from the Illikunnu village. Police and locals suspect that Dalia was taken by Anto wearing a mask.,https://m.media-amazon.com/images/M/MV5BZjdkOTIxYzQtMTI5OS00YjVjLTg1ZTYtNzZiZTI0ODQ4Y2U1XkEyXkFqcGdeQXVyMTc0NTQ4NzQ0._V1_SX300.jpg
tt37108981,Squad Five O Is Here to Stay,2025,Documentary,10.0,9,Caleb Jackson,"Jason Michael Anderson, Dan Binder, David Bunton",69 min,"Squad Five O made a huge impact on their fans, but the spirit of the band got lost in the journey of navigating the Christian music industry, losing members, and becoming obsessed with the pursuit of success.",https://m.media-amazon.com/images/M/MV5BMTE3MThiZjYtMGVmOS00MGRlLWE2ZDYtNzc3N2NhN2JiMDQ3XkEyXkFqcGc@._V1_SX300.jpg
tt37461001,Zero to 8848,2025,Documentary,10.0,9,"Niranjan Pandey, Balram Budhathoki","Conrad Anker, Prem Baniya, Pushkar Shah",101 min,N/A,https://m.media-amazon.com/images/M/MV5BM2IzNTdiMGItNmRkOS00NmJlLTk2ZWUtMDZiODgxYWEzZDM5XkEyXkFqcGc@._V1_SX300.jpg
tt38870051,HSK Zrinjski - Prica o ponosu,2024,Documentary,10.0,9,Dragan Komadina,"Ivan Curkovic, Franjo Dzidic, Luka Modric",60 min,N/A,N/A
tt8714928,From Depression with Love,2025,Documentary,10.0,9,Sean Dobra,"Jordan Iverach, Kanya Om, Sass Pinci",N/A,N/A,https://m.media-amazon.com/images/M/MV5BODk4MjlhY2QtMTQ0Yi00OWFmLWIxMTUtMmIxYTIwODk1ZmFlXkEyXkFqcGdeQXVyNTUwMTI5MTQ@._V1_SX300.jpg
tt2117917,Mapaglaro,1986,Drama,10.0,8,Willy Schneider,"Marissa Del Mar, Ernie Garcia, Pilar Pilapil",N/A,"Isabel is a playful thing who lives near the seashore. After giving her body to Mario in bed, she then uses her beauty to lure men.",N/A
tt2597650,Heal America,2012,"Documentary,Drama",10.0,8,Von Kochar,"Ted Hayes, Alec Mouhibian, Anahid Aprahamian",42 min,Legendary homeless activist Ted Hayes embarks on a journey to heal hearts and minds of Americans.,https://m.media-amazon.com/images/M/MV5BZTllNTdjZmYtN2Y5YS00YjZjLTg2ODYtYWU2YmRhNDQ0Yjc5XkEyXkFqcGdeQXVyMzEzMzMwMA@@._V1_SX300.jpg
tt30827474,Sisters and the Shrink 5,2023,Drama,10.0,8,Hazel Simpson,"Brandon Oliver Ellis, Howard Horn, Crystal Jasmin",53 min,N/A,https://m.media-amazon.com/images/M/MV5BMDZkMWQyNjEtMjEzYy00MGRmLTgzZmEtZDc5NjAxMjZmYzgzXkEyXkFqcGc@._V1_SX300.jpg
tt38627846,Cuvari tradicije,2025,Documentary,10.0,8,"Milos Vasiljevic, N/A, N/A","N/A, N/A",N/A,N/A,N/A
tt6352510,The Last Partera,2025,Documentary,10.0,8,"Victoria Bouloubasis, Ned Phillips","Victoria Bouloubasis, Ned Phillips, Victoria Bouloubasis",90 min,"In rural Costa Rica, a 95-year-old midwife passes on the wisdom of her craft to a new generation of women fighting for their right to choose how they give birth.",https://m.media-amazon.com/images/M/MV5BZmQ0YjEzNmMtY2JmNC00MzhkLWI2NTYtNjY0MDhlMWI5ODc1L2ltYWdlL2ltYWdlXkEyXkFqcGdeQXVyNDc1MjEzMjU@._V1_SX300.jpg
tt12419732,Mosar,2019,Family,10.0,7,Anil Saini,Murari lal Pareek,N/A,N/A,N/A
tt14905242,Osho Rajneesh Aur Unki Zindagi,2021,Documentary,10.0,7,Naveen Bhardwaj,Sunil Suyal,60 min,Based on Osho Rajneesh Life.,N/A
tt16915406,Ami Soumitra,2022,Documentary,10.0,7,Sayantan Mukharjee,"Poulami Bos, Sabyasachi Chakrabarty, Soumitra Chatterjee",N/A,Documentry of famous bengali actor Soumitra Chatterjee. Directed by Sayantan Mukhopaday the docu-feature shades light on the various shades of Soumitra Chatterjee apart from his brilliant acting.,https://m.media-amazon.com/images/M/MV5BMWI5ZjQ5ZTgtOWZiMS00Mzk1LWI0ZmYtM2JkNmY2OTg0ZDE0XkEyXkFqcGdeQXVyMTQ4MDQyOTkx._V1_SX300.jpg
tt16978698,The Stars at Night,2023,Documentary,10.0,7,Betty A. Buckley,"Brittany Areias, Jensen Areias, Olivia Kathryn Baker",N/A,"The Stars at Night is a feature documentary exploring the relationship between mythology, astronomy, and original storytelling.",https://m.media-amazon.com/images/M/MV5BNzY5Zjg2MDktY2RlNy00NDg3LWJiODEtMjI0N2YyNjUxNTMwXkEyXkFqcGc@._V1_SX300.jpg
tt21816436,Doraemon: Robot War,1983,Sci-Fi,10.0,7,Wang Ya-chuan,"Anonymous, Anonymous, Anonymous",N/A,Nobita and friends engage in an all out robot war in this unofficial installment of the Doraemon series.,https://m.media-amazon.com/images/M/MV5BZTZhMTUyOGItZmE3NC00OTA3LWJmYjMtNWE3NmQxMDBhNGEwXkEyXkFqcGdeQXVyMTU1Mjg3NzE0._V1_SX300.jpg
tt22526342,Virginity Deal,2022,Drama,10.0,7,Mitali Jani,"Rohan Barot, Mitali Jani, Nisha Jani",115 min,"A 20 Year old Riya Wants to end her life but Suddenly Peter Uncle Stopped her committing suicide. He enlightens her with moral support but sympathy always come with a price she paid, Was it a Virginity Deal ?",https://m.media-amazon.com/images/M/MV5BZTk1ZmYyMjItMGJkZi00NmU4LWE0MzYtNTgyMWVhMTZkYWU3XkEyXkFqcGdeQXVyMTA1Mzc1OTI1._V1_SX300.jpg
tt29610446,Let Me Talk My Ish: ENess,2025,Documentary,10.0,7,Stacie Frazier,Lloyd 'Ness' Mathis,N/A,N/A,https://m.media-amazon.com/images/M/MV5BMThkYzYwNmYtNDlhMC00NWIwLWE0YjQtNTliYTc1MzM0NTY4XkEyXkFqcGc@._V1_SX300.jpg
tt36416012,The Big Picture,2025,Documentary,10.0,7,Arthur Cauty,"Arthur Cauty, Arthur Cauty, Arthur Cauty",60 min,"The Big Picture uncovers the untold story of the Bristol IMAX, a state-of-the-art cinema deserted in the heart of the city for over a decade. Once a symbol of the future, it now serves as the epicenter of a thriving community cine...",https://m.media-amazon.com/images/M/MV5BNWI5NTU3NGEtNDZhZC00MGQ5LTk1YzQtNWQwOWMwMjA1YjMzXkEyXkFqcGc@._V1_SX300.jpg
tt38073377,Tak Kenal Maka Taaruf,2025,"Drama,Romance",10.0,7,Toma Margens,"Fadi Alaydrus, Saskia Chadwick, Dinda Mahira",99 min,N/A,N/A
tt38611398,Díptico Mário Peixoto,2023,Drama,10.0,7,Geraldo Roizman,"Eliseu Paranhos, Allan Bless, Juliana Fagundes",N/A,N/A,N/A
tt9685878,Chholyar,2018,Drama,10.0,7,Kamal Mehta,"Deva Dhami, Manzoor Hussain, Mithilesh Pande",92 min,N/A,https://m.media-amazon.com/images/M/MV5BZjIwYzU3M2YtOWU2ZS00NGRjLWEyYmQtNDBlNGY3ZTNjYmEwXkEyXkFqcGdeQXVyOTc4NDg2NDc@._V1_SX300.jpg
tt28290937,Shwaas,2025,Drama,10.0,6,Vasant Narkar,"Raj Vitthalpura, Chetan Daiya, Nisarg Trivedi",N/A,An Ordinary man struggles to find his missing 2 years old daughter.,https://m.media-amazon.com/images/M/MV5BZDM5MTFlYTEtNmM0ZC00ZDI3LTk3ZDgtMTIyOTJmZDUyNTYwXkEyXkFqcGc@._V1_SX300.jpg
tt29362396,American Mafia,2023,Crime,10.0,6,Michael Lazar,"Michael Lazar, Maurizia Cocchi, Luca Comastri",N/A,N/A,https://m.media-amazon.com/images/M/MV5BM2RkNjE3N2YtMzI1Ni00MGVjLWI0OWQtMDVkNjEwNTA2MDg4XkEyXkFqcGdeQXVyNTIzMDgzNjY@._V1_SX300.jpg
tt33056074,No Place for Football,2024,Documentary,10.0,6,"Brandon Scott Smith, Derek Sullivan Smith","Brandon Scott Smith, Derek Sullivan Smith, Brandon Scott Smith",97 min,"A football club from Nuuk, Greenland is forced to overcome a series of obstacles as they travel north to compete in the Greenlandic Football Championship; The shortest season on Earth.",https://m.media-amazon.com/images/M/MV5BMjU4NjVkYjUtZWQyYi00YWQ3LWE2YWYtMTQzNWQxNDMyZjk0XkEyXkFqcGc@._V1_SX300.jpg
tt37330089,My boyfriends daddy is my man,2022,Adult,10.0,6,Jill Watson,"Steve Long, Mikayla Watson",N/A,N/A,N/A
tt37969235,Hockeytown,2024,Documentary,10.0,6,Kyle Aramburo,"Michael Aikens, Drake Albers, Hunter Bischoff",N/A,"Set against the backdrop of Anchorage, Alaska, Hockeytown follows the rebirth of a city's hockey culture after the collapse of its college and semi-professional teams. In the fall of 2020, a determined group of community members c...",https://m.media-amazon.com/images/M/MV5BNzRlNTUyOTAtY2FkYy00NmRiLWFhNTYtMmUxOTBjZWE5OTIxXkEyXkFqcGc@._V1_SX300.jpg
tt38493094,Puanty dlya moyey mamy,2025,"Drama,Family,Romance",10.0,6,Jana Nedzvetkaya,"Lina Bazaeva, Olga Chelysheva, Sergei Filin",100 min,N/A,N/A
tt38652835,Documentar: Un pic mai mult si un pic diferit,2025,Documentary,10.0,6,Lucas Neagu,"Daria Pentelie, Vlad Linta, Miruna Contiu",48 min,N/A,N/A
tt38783848,Kosmos,2025,Documentary,10.0,6,Bogdan Puslenghea,"Bogdan Puslenghea, Erik Kun, Cristian Maghiar",93 min,N/A,N/A
tt38990641,Dilemma (Kapitel 1),2025,"Drama,Fantasy",10.0,6,"Rocco Cosentino, Nico Soprano","Martin Benedikt, Fabian Caliandro, Alisha Cosentino",73 min,N/A,N/A
tt8244266,Horses: Patti Smith and Her Band,2018,"Documentary,Music",10.0,6,Steven Sebring,"Flea, Lenny Kaye, Jack Petruzzelli",N/A,"Patti Smith's final concerts at the Wiltern Theater, Los Angeles, celebrating the fortieth anniversary of her album Horses"".",https://m.media-amazon.com/images/M/MV5BNDFhODE4NGYtNzY3Ny00NjY5LTlkNTMtZDlhZWMzYjc5ZWU5XkEyXkFqcGdeQXVyMTU3NzU3NjQ@._V1_SX300.jpg
tt1543724,Reck and Ima,2013,Comedy,10.0,5,"Bill Briles, Charles Briles","Aleta Doroudian, David Anderson, Greg Attaway",91 min,"A feature length comedy about 'uneducated' Southerners, taking on the 'educated' university graduate students... Reck chases Ima from North Carolina to Tucson, Arizona, and gets them involved in a study on the social-life of 'losers'",https://m.media-amazon.com/images/M/MV5BMWY4NTdlMjUtY2FkMi00NGVmLTlmNzYtNjYxYzI4MjdkNjgyXkEyXkFqcGdeQXVyMjE4NzMxMzk@._V1_SX300.jpg
tt32380591,Bolshaya zemlya,2025,Drama,10.0,5,Yuliya Trofimova,"Artyom Bystrov, Evgeniya Dmitrieva, Platon Gerasimov",N/A,"Marfa returns with her son to the Pacific island where she grew up and where her father worked as a lighthouse keeper. At the same time, her half-brother Ilya appears on the island, whom Marfa has not seen for many years. Marfa an...",https://m.media-amazon.com/images/M/MV5BZWQzNzRmZGMtYzgxMC00MDJkLTkxYWMtN2MxMWJlNjU4YmJkXkEyXkFqcGc@._V1_SX300.jpg
tt38672229,Game Khatam,2025,"Action,Crime,Thriller",10.0,5,Rohit Vignesh,"Sandeep Gupta, Sanjay Lakade, Saurabh Ramesh Thakare",67 min,N/A,N/A
tt38792547,(Verifying) Grief 80% // 65+ X59 // Stream 283,2025,Talk-Show,10.0,5,Michael Materazo,Michael Materazo,N/A,N/A,N/A
tt38876098,Vals so smertyu,2025,"Drama,War",10.0,5,Andrey Kirillov,"Stepan Dvoryankin, Evgeniy Fomintsev, Olesya Shilyakova",102 min,N/A,N/A
tt38876234,Kamen batyrov,2025,"Comedy,Fantasy,Mystery",10.0,5,Roman Pozhidaev,"Renat Fatkhiev, Dinislam Safin, Nail Safin",80 min,N/A,N/A
tt38942170,Summa kvadratov katetov,2025,"Drama,Romance",10.0,5,Kita Freiheit,"Vladimir Afanasyev, Anfisa Chekhova, Kirill Kaganovich",85 min,N/A,N/A
tt39015132,Falling Notes,2025,Romance,10.0,5,Great Valentine Edochie,"Sophia Chisom, Eso Dike, Osereme Inegbenebor",114 min,N/A,N/A
tt33505969,Irudhi Muyarchi,2025,\N,9.9,1047,Janaa Venkat,"Meghali, Ranjith, Vittal",121 min,N/A,https://m.media-amazon.com/images/M/MV5BYjA4YjkzN2UtN2E1Zi00NzJiLThlNWUtNDYyNzA3MjhkNDRhXkEyXkFqcGc@._V1_SX300.jpg
tt20214916,Live in Relation,2022,Drama,9.9,86,Bobby Kumar,"Bobby Kumar, Manda, Manohar Shaikh",N/A,"The story is a bit filmy. There is no age limit, no birth restriction. Something similar is the case of 60-year-old Phoolmati living in Jind district in Haryana (India), who fell in love with 25-year-old Golu. Both love each other...",https://m.media-amazon.com/images/M/MV5BZDg0ZWU3ZjQtOTVkNy00YTRjLWE1NjItYjdjMTIwOWM1YTg5XkEyXkFqcGdeQXVyOTUzOTcyMzg@._V1_SX300.jpg
tt30890351,Days of Géants 3: Dani Divova 3,2024,Documentary,9.9,65,Dusan Nestorovic,"Dalibor Danicic, Dragoslav Markovic, Aljosa Spremo",82 min,N/A,https://m.media-amazon.com/images/M/MV5BZDI2NGYxY2MtMzY5ZC00N2U3LTljMmEtNTMxMjJmZWQ0YTFlXkEyXkFqcGdeQXVyMjQ2Mjk1Mzk@._V1_SX300.jpg
tt21059328,Prince Oak Oakleyski Andronovo,2022,"Drama,Family",9.9,60,"I. Kolyada, Prince Oak Oakleyski","Auttanun Jampreechar, Olga Kolyada, Prince Oak Oakleyski",65 min,"It's a Family sort of genre, plus strong vibe of Drama improvised with ebullience of togetherness when Prince Oak Oakleyski, Akim Rakhimov, and other members of Andronovo tradition assembled together in one tribe educating modern ...",https://m.media-amazon.com/images/M/MV5BNjZiZjhhZmMtMzQ2ZS00NGQ0LTg1ZDctNDY1YTQ5ZGQ4ZjhkXkEyXkFqcGdeQXVyMTUzNTc5NDcz._V1_SX300.jpg
tt2659532,Amal,2011,Drama,9.9,26,Nujoom Alghanem,"Nujoom Alghanem, Nujoom Alghanem, Amal Hawijeh",88 min,Charts a young woman's coming of age against turbulent backdrop of recent Egyptian politics.,https://m.media-amazon.com/images/M/MV5BN2ZiNDY4NTctNDBkMy00MTUxLWI5ZTktYTY3MzUzN2RmOGI3XkEyXkFqcGdeQXVyNzY2MTAyOTM@._V1_SX300.jpg
tt11943178,Maelstrom,2019,Documentary,9.9,24,Misja Pekel,"Misja Pekel, Misja Pekel, Carlos Cipa",N/A,N/A,https://m.media-amazon.com/images/M/MV5BMzM4YjRmMjctMDBkMC00NWVjLThlNWQtNWJkMDMxYjEwNmZkXkEyXkFqcGdeQXVyNjIzMzUzNjg@._V1_SX300.jpg
tt27203772,Rabb Di Awaaz,2023,"Comedy,Drama",9.9,22,Ojaswwee Sharma,"Abhinav Sharma, Mohit Verma, Abhilasha Sidana",N/A,"As ratings drop, and the radio station struggles hard to stay afloat in the post-pandemic world, a contestant on the show offers a fresh perspective at life.",https://m.media-amazon.com/images/M/MV5BN2YxNDJmMjMtNGFjYi00MmI2LWIzMjAtYWM1Y2NhNmM2ZDI1XkEyXkFqcGc@._V1_SX300.jpg
tt30788051,The ReWrite.,2025,"Comedy,Drama",9.9,22,Terry Dawson,"Stephen Barrington, Jhey Castles, Holly Hyman",94 min,"A struggling screenwriter, obsessed with portraying Black Excellence and authenticity on the big screen, is forced to do a rewrite of his latest draft in order to save his career.",https://m.media-amazon.com/images/M/MV5BYWE2NTk1YmMtMzE4Mi00MTc3LWJlNmMtMDRhNDlkNmExYTRhXkEyXkFqcGc@._V1_SX300.jpg
tt0272033,Chhatrapati Sambhaji,1924,"Biography,History",9.9,19,Narayanrao Sarpotder D.,"Parshwanath Yeshwant Altekar, Vedi, Zillu",N/A,N/A,N/A
tt34736903,Jujji,2024,Crime,9.9,18,Habib Shahzad,"Muhammad Ali, Hamza Arfat, Muhammad Arslan",73 min,A gripping crime thriller unfolds as investigator race against time to unmask a cunning serial killer in this riveting film based on true events,https://m.media-amazon.com/images/M/MV5BMWY3MjcxYzItZWY5My00MjVjLTlhNDAtYjQ1ZjM1NzYxMjYwXkEyXkFqcGc@._V1_SX300.jpg
tt36824333,Der Wettkampf meines Lebens - Die Geschichte von Axel Mitbauer,2025,Documentary,9.9,16,Antonio La Regina,"Martin Binder, Wolfgang Kremer, Axel Mitbauer",78 min,"On the night of August 17, 1969, the former GDR professional swimmer Axel Mitbauer swam from Boltenhagen (former GDR) to the Bay of Lübeck (former FRG). He covered a distance of around 25 km through the Baltic Sea. Before his spec...",https://m.media-amazon.com/images/M/MV5BZjBlOGNjZjUtYzIxNS00MDY5LWJhNGEtYjM3ODZjZDkxZjA3XkEyXkFqcGc@._V1_SX300.jpg
tt10101734,One Direction: I Love One Direction,2013,"Documentary,Music",9.9,15,Tara Pirnia,"Sarah Domin, One Direction, Tara Pirnia",67 min,"Documentary about the London-based pop quintet. Featuring footage and photographs taken by their fans, as well as input from their audience the world over who offer their opinions on the band and recount their experiences, the fil...",https://m.media-amazon.com/images/M/MV5BMDljMzAyZWMtN2JmOC00NTJhLWIzNmYtZjVjM2M1MTY1ZjQ5XkEyXkFqcGdeQXVyODcwODUzOTM@._V1_SX300.jpg
tt15419914,Committed to the Craft,2022,Documentary,9.9,15,N/A,"Geoffrey Benson, Chinedu Ernesto, Caleb Fernandez",N/A,N/A,N/A
tt26733197,Wandering Bonbon,2022,Romance,9.9,14,Toshiki Satô,"Tomomitsu Adachi, Shinobu Tsuji",114 min,"'Hitoe', a woman who spent a long time aimlessly drinking and drinking every day. It doesn't cut down on the actual 'Masaru' or gives it satisfaction. Then one day, 'Masaru' disappears in front of her.",https://m.media-amazon.com/images/M/MV5BY2E4YjRmNGUtZDBkOS00Nzg0LWEyZjYtZjJmNzE0MTg1Yzg4XkEyXkFqcGdeQXVyMTUwMDI0Njc4._V1_SX300.jpg
tt27949780,Shubh Lagan Muhurt,2023,Comedy,9.9,14,Mobeen Warsi,"Pari Sri Arora, Shiv Mohan, Ashtbhuja Pandey",131 min,N/A,https://m.media-amazon.com/images/M/MV5BYzI2YTdkN2EtOTM5ZS00Y2I1LTk4YWQtZGU5ZThhMzc3ZmRkXkEyXkFqcGdeQXVyODI1NTAyOTQ@._V1_SX300.jpg
tt26902870,Vakra Prem,2022,Drama,9.9,12,Shantanu Joshi,"Akshat, Manali, Rahul",68 min,N/A,https://m.media-amazon.com/images/M/MV5BZTVhNmUyNDItYTIxZi00Mzg2LWE0NzQtMTFjY2NiNDE3NjliXkEyXkFqcGdeQXVyMTYyNzM2NjY5._V1_SX300.jpg
tt27680464,Maratha Kranti,2023,Drama,9.9,12,Sachin Kadam,Sachin Kadam,132 min,N/A,https://m.media-amazon.com/images/M/MV5BNzk5MDg5M2MtNjQwNS00MzJiLTg1MzAtMDJjN2Y2NzNmNTI1XkEyXkFqcGdeQXVyMTM2Mzg2Mjcw._V1_SX300.jpg
tt39008459,Slavko Kopac: Barbarska profinjenost,2025,Documentary,9.9,12,Drazen Majic,"Drazen Majic, Goran Legovic, Anita Jovanov",110 min,N/A,N/A
tt30988883,Dawn Dusk,2024,Documentary,9.9,11,"Jason Gerber, Sarah Blue Winslow Gerber","Chelli Look, Dave Look, Peg Harms",92 min,"Chelli Look, a leather bag artist, faces overwhelming grief after the murder of her sister. Chelli's journey towards healing forces her to rediscover who she is as an artist, leading to a revelation that takes her in a new direction.",https://m.media-amazon.com/images/M/MV5BNzc3YTZjMmEtZmRkNy00OGEyLWIyZmUtNjQwMjU4ZGIyNThhXkEyXkFqcGdeQXVyMjEwMjM4NzQ@._V1_SX300.jpg
tt37899969,Lahari,2025,\N,9.9,9,Amartya Bhattacharyya,"Ahmad Al-Ghaili, Prasanta Kumar Behera, Jhilik Bhattacharjee",123 min,,https://m.media-amazon.com/images/M/MV5BYWE1YmMyNzQtMzg2My00NTcwLWIyYjAtMGJiNTRjMTM3ODUyXkEyXkFqcGc@._V1_SX300.jpg
tt25967770,Zucchini,2025,"Comedy,Romance",9.9,8,Miles Emanuel,"Clara Barnstone, Sean Bentley, Dana Greenleaf",83 min,"Two girls from Austin are driven by one's brother to New Orleans, and make a movie along the way.",N/A
tt37710246,"The Warning Live from Auditorio Nacional, CDMX",2025,Music,9.8,236,"Iván Chávez, A.J. Gómez","Daniela Villarreal, Paulina Villarreal, Alejandra Villarreal",114 min,"Fueled by the unbreakable bond of sisterhood, powerhouse rock trio The Warning light up Mexico City's iconic Auditorio Nacional in the most electrifying performance of their career. In this high-octane concert film, Mexican sister...",https://m.media-amazon.com/images/M/MV5BZmE5Y2YxYmMtNDMzYy00M2Y4LTkxMTgtYzBhMWMyZmRmMmNlXkEyXkFqcGc@._V1_SX300.jpg
tt34531109,Gumti,2024,Drama,9.8,112,Sandesh Shetty Ajri,"Sandesh Shetty Ajri, Vishnavi Nadig, Ranjan Chatrapati",N/A,"Young Kashi abandons his village's traditions, moving to Solapur for a hotel job. But a crisis forces his return, leaving him torn between reviving the sacred Gumti celebrations or letting them die out.",https://m.media-amazon.com/images/M/MV5BYjZkMjQyMTktY2M2Yy00NTIzLTljY2QtYjVlMGNiMzkyZmZiXkEyXkFqcGc@._V1_SX300.jpg
tt28497709,Come pesci nell'acqua,2024,Documentary,9.8,98,Veronica Spedicati,Vanessa Caboni,120 min,"A deaf researcher travels to Brazil to attend the 24th Deaflympics and understand why deaf athletes from around the world gather to compete. Three deaf Italian athletes' stories unfold, helping him grasp this event's complexity.",https://m.media-amazon.com/images/M/MV5BMzA4YTQ2YzEtYTM0Yi00NDdhLWI3MGUtNTkyZmVhZjljODVkXkEyXkFqcGc@._V1_SX300.jpg
tt38593367,A Fighting Legacy,2025,Documentary,9.8,94,Adam Wagner,"Angela Bahr, Jody Brincks, Julie Cohen",74 min,N/A,N/A
tt34799007,Borderline Forever,2021,"Adventure,Comedy,Music",9.8,93,Scott Wozniak,"Jack Douglass, Sam Essig, Will Kanwischer",64 min,Scott the Woz's everyday existence as a Stupid Nintendo Games fan is interrupted as he questions his format and realizes that a blue border has haunted him through all his videos.,https://m.media-amazon.com/images/M/MV5BNjk1NmZjMzgtMDFmYi00ZjBiLWJmMzItYzI3MjVlODYxZmNjXkEyXkFqcGc@._V1_SX300.jpg
tt10423548,Apoteose,2009,Drama,9.8,88,António Borges Correia,"Anabela Brígida, Ávila Costa, Agostinho Palos",66 min,"Forty years later six ex-fighters, that had been together in the War in Africa, keep meeting.",https://m.media-amazon.com/images/M/MV5BNzA3MmZhNjUtYjAxZC00Y2VlLThlNGYtYWY4MjZlNDFmZjI4XkEyXkFqcGdeQXVyMTQzNTE0NTU@._V1_SX300.jpg
tt8114896,Parto,2010,"Adventure,Documentary,Drama",9.8,88,António Borges Correia,"António Borges Correia, António Borges Correia, António Borges Correia",82 min,"In a remote valley of the Peneda mountain there is a man who ... has changed. Departed. We need to go get him to give him a funeral. The mortician Olegario, accompanied by Raul and Carlos, a ride in the pick-up (there is no other ...",https://m.media-amazon.com/images/M/MV5BZDJkYzcwMTktZTM3ZS00MzBmLWE5MTctMDA3NTkxZTljMTMzXkEyXkFqcGdeQXVyMTQzNTE0NTU@._V1_SX300.jpg
tt8387050,O Lar,2008,Documentary,9.8,79,António Borges Correia,"António Borges Correia, António Borges Correia, António Borges Correia",71 min,"Village of Reboleiro, north of Portugal. 103 old people live at Santa Catarina Residence. They wake up, they walk by the corridors. A few others are exercizing at the living room. Some assistants work at the kitchen, or at the lau...",https://m.media-amazon.com/images/M/MV5BZTgxYTc1YzQtZjc2OS00ZmIzLTk1OWItMmJhOWM2MTdmYzVmXkEyXkFqcGdeQXVyMTQzNTE0NTU@._V1_SX300.jpg
tt20912228,Prince Oak Oakleyski: Eurasia Handsome Sovereign,2022,"Documentary,Mystery",9.8,76,Prince Oak Oakleyski,"Andrey Kiselev, Prince Oak Oakleyski, Akim Rakhimov",60 min,"Prince Oak Oakleyski returned to Tashkent city once again because he missed his forefather, but there's something about him that lead an enormous group of people to be his attendance.",https://m.media-amazon.com/images/M/MV5BYTM4MTMyYTAtNzk2NS00MGZiLWExMGQtNDZmYzRlMGI4NTBmXkEyXkFqcGdeQXVyMTUyNzAzMzY1._V1_SX300.jpg
tt37724873,Quantum Qi,2025,Documentary,9.8,73,Sharron Rose,"Lorelei Chang, Jiebing Chen, Mantak Chia",N/A,"Quantum Qi is a cinematic journey into the living intelligence of Qi-the vital life force that animates all of existence. Featuring 27 globally revered masters, scholars, and healers from the worlds of Qigong, Tai Chi, Martial Art...",https://m.media-amazon.com/images/M/MV5BZDVhYzVjOGYtZjRkYy00MDM4LWI5YjAtMWMwNzZhOTcwYWJhXkEyXkFqcGc@._V1_SX300.jpg
tt38693245,PostHuman,2025,Sci-Fi,9.8,71,"Sharon Axcell, Beau Garner, Taunya Gren, Eugene Khazin, Alan Maxson, Jason Sheedy","Seanna Ladd, Annabel Barrett, Carson Beck",77 min,N/A,N/A
tt13388966,A Better Life,2020,Drama,9.8,66,Mainak Paul,"Supriyo Dutta, Arun Bannerjee, Mayur Paul",92 min,"A renowned novelist, Prayas Chakrabarty in his 50's is giving interview to reporters for his recent novel 'A Better Life', which is also a bestseller. During his interview, Prayas ...",https://m.media-amazon.com/images/M/MV5BZjRkZmI4MWYtMmE5MS00ZmI0LThhMDktZTYxMDNiZThjNWQ1XkEyXkFqcGdeQXVyNTYwNjg4ODY@._V1_SX300.jpg
tt15141270,Akshi,2021,Drama,9.8,66,Manoj Kumar,"Govinde Gowda, Devendra Medarametla, Master Mithun",127 min,A Boy's Quest to Normalize Eye Donation in remote village.,https://m.media-amazon.com/images/M/MV5BMGQ1YWZlYTktMjdiNS00YmUxLWI1MGItNTU5YTM2Y2FhZTYyXkEyXkFqcGdeQXVyMTM1MDUyNzAy._V1_SX300.jpg
tt28061286,Kalrav (Sound of running water),2023,Musical,9.8,65,Jagdish Bharti,"Ambika Arya, Rakesh Kumar Dhami, Rajesh Malgudi",N/A,"When the pandemic effects became milder, the age-old traditional Kumbh Mela, the traditional gathering of various Hindu sects on the bank of the River Ganga at the holy city of Haridwar, was resumed. 'Rakesh', with no experience o...",https://m.media-amazon.com/images/M/MV5BYmQyMjY3NTQtNjU5Ny00MzJiLWIwZWMtNjcwMGEzNDgzODBiXkEyXkFqcGc@._V1_SX300.jpg
tt38793708,Merge,2025,Sci-Fi,9.8,65,"Dalano Barnes, Richard Fenwick, Derek Franzese, Diana Porter, Mikel J. Wisler","William Bassoumba, Andrew Cullum, Joe Dempsie",77 min,N/A,N/A
tt13925132,The Choice of Staying,2020,Documentary,9.8,60,Mattia Mura Vannuzzi,Rebecka Carlén,48 min,A story of lights and shadows within Damanhur spiritual community through the eyes of a young Swedish girl who came there to make a documentary and decided to stay.,https://m.media-amazon.com/images/M/MV5BYTI1M2Q4ZmMtZWU2YS00ZGY0LTk3N2QtMGM0ZGQyZTVmN2MyXkEyXkFqcGdeQXVyMTcwNDY3NTk@._V1_SX300.jpg
tt37901132,The Next Right Thing,2025,Documentary,9.8,53,Bill Wells,"Lexi Brown, Robert Bobby Moss, Michael Owen",56 min,"A firefighter revives a young woman from overdose, unknowingly changing both their lives. As a grieving family builds a path to recovery for others, their Georgia town confronts a rising fentanyl crisis with resilience and compass...",https://m.media-amazon.com/images/M/MV5BODVjZjcxN2MtMjllZi00ZDM4LTg1ZTctYzQ2NWYzYjE5YmEzXkEyXkFqcGc@._V1_SX300.jpg
tt38628234,"No Packers, No Life",2025,"Documentary,Sport",9.8,46,Craig Benzine,"Cheppo, Cliff Christl, Mason Crosby",80 min,N/A,N/A
tt16413912,The Son,2021,Documentary,9.8,45,Karan Singh,"Vasif Ismayilov, Mursel Mammadov, Matlab Tahmazi",46 min,This documentary film investigates the disappearance of a prisoner of war during the Nagorno-Karabakh conflict in 1992.,https://m.media-amazon.com/images/M/MV5BZmJjZTY4M2YtOThjYi00NDJjLWEwYWMtMDRmYmFmODNiM2ZkXkEyXkFqcGc@._V1_SX300.jpg
tt38146445,Breaking Big Food,2025,Documentary,9.8,45,Cole Uphaus,"Calley Means, Patrick Sullivan Jr., Ashley Leroux Sullivan",74 min,N/A,N/A
tt37542044,Em Queda-Livre,2024,Comedy,9.8,41,João Santos Silva,"Hanna Adamis, Maria Faria Ares, Maria Barbosa",N/A,N/A,https://m.media-amazon.com/images/M/MV5BMTY2NzBlOWQtZjUyOS00MzllLWEzYTctM2JmMmFkZDZiYTY3XkEyXkFqcGc@._V1_SX300.jpg
tt18225078,The 90s Club,2022,\N,9.8,39,Robert Darwell,"Dick Van Dyke, Robert Darwell, Dennis Boni",85 min,"It follows various people in their nineties as they talk about death, loss, love, accomplishment, and meaning.",https://m.media-amazon.com/images/M/MV5BYWFiMDBhYWItMDFkMy00YzVmLWJjMDEtZDYwZGJkNjQ0Yzg0XkEyXkFqcGdeQXVyMTE0NjQ1MTYw._V1_SX300.jpg
tt31976614,Yashwant,2023,Drama,9.8,38,Piyush Vijay,"Makarand Anaspure, Smita Tambe, Dhairya Ajankar",N/A,"After enduring the tragic loss of seven children, Jayawanti's prayers to lord Krishna, are answered when she gives birth to Yashwant.",https://m.media-amazon.com/images/M/MV5BYWIyYWVjMzYtNzNlOC00ZDA0LWI3NzYtZWE0ZWUyNTUzMGUzXkEyXkFqcGdeQXVyMTI2Mzk5MTY0._V1_SX300.jpg
tt14706274,Possible Selves,2022,Documentary,9.8,34,Shaun Kadlec,"Alex Ballantyne, Mia Derisso",N/A,N/A,N/A
tt27834496,A Hot Summer Night,2023,Drama,9.8,33,Oscar Torre,"Chuti Tiu, Roberto Sanchez, Clarissa Jacobson",70 min,N/A,https://m.media-amazon.com/images/M/MV5BOTI3ZDlkNDEtZTEzOS00YTc3LTlkNzEtYWIzNjFjYzNkOWQ1XkEyXkFqcGdeQXVyMjUxMzc1MDA@._V1_SX300.jpg
tt26689739,Il custode della memoria,2022,Documentary,9.8,32,Elena Giogli,"Luigi Amadei, Irene Bistarelli, Sara Borsi",67 min,"The life of an extraordinary 90-year-old man: Dino Marinelli, the custodian of the Museum of his small italian town: Città di Castello, in Umbria. A true memory keeper.",https://m.media-amazon.com/images/M/MV5BNjY4NDliZTEtNmE4NS00YWI0LWE0NzEtMWQ4N2UwMmU1YjM1XkEyXkFqcGdeQXVyNjUxMTgzMTA@._V1_SX300.jpg
tt30192157,Zen Comedy,2023,Comedy,9.8,32,Zack Lyman,"Patrick Bean, Kerri Gallagher, Lola Hernandez",63 min,"Experience uproarious comedy with five stand-up stars at Arizona's Reiki Academy, blending laughter and serenity for an unforgettable show.",https://m.media-amazon.com/images/M/MV5BM2FmYWNkYWQtYmVmYS00NDdiLWE3NDktOTIwNDZhZmIyMWIyXkEyXkFqcGdeQXVyMTUwMTIzNDQy._V1_SX300.jpg
tt38705003,TOTS (Tricked Out the Streets),2025,Thriller,9.8,25,"Chrishaun Williams, Bandamount Cinematics","Chrishaun Williams, Kenneth Elston, Ashanti Harris",N/A,N/A,N/A
tt4160330,Witness Bahrain,2014,"Documentary,War",9.8,25,Jen Marlowe,"Jen Marlowe, Jen Marlowe, Jen Marlowe",58 min,"Witness Bahrain is a piercing look inside Bahrain, two years after the start of Bahrain's uprising. The film follows an activist as she travels all over Bahrain, uncovering stories of Bahrainis, including doctors arrested and tort...",https://m.media-amazon.com/images/M/MV5BOGI5YTNiZjEtZGIwNS00MThiLTk2N2YtZjM0MGFiMTg4ODVlXkEyXkFqcGdeQXVyNTUyNTM0NjY@._V1_SX300.jpg
tt36616412,26 November,2025,\N,9.8,23,Sachin Shobha Urade,"Kishore Chougule, Bharat Ganeshpure, Jui Jawade",149 min,"Aditya, an engineer, refuses to join corrupt officials' schemes despite threats. Inspired by Dr. Ambedkar in a dream, he fights workplace abuse and social inequality, leading a movement that triumphs over powerful opposition.",https://m.media-amazon.com/images/M/MV5BOWNkMjNiYTQtMGM5OS00YmU5LWE0MTgtY2UxZmU4ZWRjZGE0XkEyXkFqcGc@._V1_SX300.jpg
tt36986175,Can You Stand the Rain,2025,Drama,9.8,23,Eden Marryshow,"Johnny Bermudez, Steve H. Broadnax III, Jaben Early",90 min,"Old friends reunite after their childhood anchor dies, forcing them to face buried dreams, tensions, and regrets while discovering their true selves and future possibilities.",https://m.media-amazon.com/images/M/MV5BNDVhODU1NjItYTViZi00ZDc3LTg3MzEtM2U0ODljNGJhYTAzXkEyXkFqcGc@._V1_SX300.jpg
tt13563118,Sarasate: The Spanish Spirit,2020,Documentary,9.8,21,Meri Khojayan,"Luis Garbayo, Meri Khojayan, Robert Poortinga",53 min,How did the life of the famous Spanish violinist and composer evolve and what inspired and influenced him to compose the works he created?,https://m.media-amazon.com/images/M/MV5BYmZlMDllODEtMWZlYS00OTBmLTk2OGItYjczZWIyYWNmMzIyXkEyXkFqcGdeQXVyMTI1NTM0NzY0._V1_SX300.jpg
tt20752234,Pelkie: 100 Years of Finnishness in Michigan's Upper Peninsula.,2019,Documentary,9.8,21,Michael Loukinen,"Michael Loukinen, Michael Loukinen, Alex Maier",151 min,"Finns became the most rural of all European immigrant groups. They created ""havens in the woods,"" cultural islands surrounded by forests where their ancestral language and customs persisted for 100 years.",https://m.media-amazon.com/images/M/MV5BNDJkZDljNzctMGI5My00ZWQ3LWEyZjgtYzI0MDk0MWM4YTdmXkEyXkFqcGdeQXVyMTEwNzU3MzM2._V1_SX300.jpg
tt33093090,Hassanovi Ratovi,2024,Documentary,9.8,21,Robert Bubalo,"Hassan Haidar Diab, Ljiljana Haidar Diab",87 min,"Hassan is a successful journalist who lives in Zagreb. But he is tormented by his past, the wars he went through as a boy and the scars of lost loved ones and years. He returns to his native Beirut, to his Sabra neighborhood, wher...",N/A
tt35226212,La dea risorta,2022,Documentary,9.8,21,Claudio Ceino,"Eolo Paul Bottaro, Francesco Saverio Ajosa, Mario Macaluso",53 min,"When Australian artist Eolo Bottaro revives the lost Triform Goddess Isis, Polizzi's forgotten history revives. This gripping documentary captures the statue's creation, the town's awe, and the artist's unexpected bond with the Si...",https://m.media-amazon.com/images/M/MV5BODk1ZWYzMmUtMjFmMy00MDAzLTg5ZGMtZGZiMmNiNzAzZDYyXkEyXkFqcGc@._V1_SX300.jpg
tt9013794,Rock Musical Bleach,2012,Musical,9.8,21,N/A,Kohei Norizuki,N/A,A musical based on the hit manga and anime series 'Bleach'.,N/A
tt16426178,The Trees of the East,2018,Thriller,9.8,20,Mike Ellwood,"Pattyeffinmayo, Parlay Pass, Sia Poorak",71 min,"A hustler in East Atlanta is rumored to have buried something in the woods before his murder. The streets are on a treasure hunt to recover the lost stash. Meanwhile, a group of assassins wreak havoc on the city.",https://m.media-amazon.com/images/M/MV5BZGRmNmI2YmQtNzhlYy00ZmYyLWJlYzItYTAzNWIxYjkyZThkXkEyXkFqcGdeQXVyMTQ3MjIwMTkx._V1_SX300.jpg
tt25048868,A Nineteenth-century Photographer's Legacy,2022,Documentary,9.8,20,Mindaugas Meskauskas,"Rimantas Bagdzevicius, Dainius Junevicius, Margarita Matulyte",69 min,A documentary film about the most important nineteenth-century photographer of Vilnius - Juzefas Cechavicius.,https://m.media-amazon.com/images/M/MV5BNzcwNDEyZmQtY2U3NC00YzM1LWE1YzktOTkzMGQ5MTA5Njk2XkEyXkFqcGdeQXVyNjU1OTg4OTM@._V1_SX300.jpg
tt1053817,Buried in Tucson,2007,"Adventure,Drama",9.8,19,Jeff Gallea,"Christopher Dallton, Sonja Mobley, Joe Lorenzo",70 min,"Anton and Lena have a simple, self-obsessed relationship till a chance opportunity falls into their path, $980,000 buried in the desert. As they get closer to their dreams, a world of lies, murder, and greed causes their relations...",https://m.media-amazon.com/images/M/MV5BMDM5NTI1NGUtN2MwMS00MzAxLWE2ZjItMWVmMGM3NWY4MGYxXkEyXkFqcGdeQXVyMTQyNDM2NjI@._V1_SX300.jpg
tt2398564,Robert Shields: My Life as a Robot,2024,Documentary,9.8,19,"Mark C. Bonn, Christine Seibert Bonn",Robert Shields,87 min,"""No words"" can describe him, literally. Robert Shields, one of the most unique performers of the century, performing for 2 Presidents a Queen while gaining the admiration of many of Hollywood's greats-all of it done without saying a word.",N/A
tt24447062,Endless Light,2022,Documentary,9.8,19,Nikoloz Chikovani,"Levan Avalishvili, Tsotne Chikovani, David Javakhishvili",N/A,"""Endless light,"" tells us about a small friend group in the eighties and nineties that originated in Tbilisi. Through documentary footage and interviews, the author tries to present the era as these people saw and perceived it. th...",https://m.media-amazon.com/images/M/MV5BYjNjMzdmOGEtOWFlNS00N2NiLWJjMzUtMTBhMzkwZGEzZGNjXkEyXkFqcGdeQXVyMTU5OTUzMDYw._V1_SX300.jpg
tt3022498,Kamarati,2011,Documentary,9.8,19,Mladen Medic,"Mladen Medic, Mladen Medic, Mladen Medic",N/A,"The documentary brings a historical review of the Venetian, Austrian, Italian and Yugoslav period of mining in Labin, Croatia, but also the vision of the future use of the mine. The stories...",N/A
tt0057092,Gauri,1963,\N,9.8,18,S.K. Ananthachari,"K.S. Ashwath, Ganapathi Bhat, M.N. Lakshmi Devi",N/A,N/A,https://m.media-amazon.com/images/M/MV5BODQwNzBjOTYtM2Q2MC00MjAxLTllMzItYWZkZTM0ZTI4ZDU3XkEyXkFqcGdeQXVyMzQzMDc2MDk@._V1_SX300.jpg
tt29603653,Where the Rope Ends,2023,Documentary,9.8,18,Baylee Sinner,"Dusty K Gold, Paul Moutray",68 min,"Where the Rope Ends revolves around a woman's 60-foot fall while canyoneering, and the profound (and sometimes tumultuous) self-discovery that followed her brush with death.",N/A
tt36101091,"Thanksgiving, Again?!",2025,Comedy,9.8,18,Jeff Macolino,"Samantha Cevasco, Michael Girgenti, Jeff Macolino",99 min,"When Tori volunteers to host her husband's loud Italian family for Thanksgiving, she finds herself stuck in a time loop, forced to survive endless rounds of overbearing relatives, family drama, and way too much turkey.",https://m.media-amazon.com/images/M/MV5BNGU4MWYwZjgtNGQ1Ni00ZDQzLWFiMmItYjY0N2UwNDYxNmZmXkEyXkFqcGc@._V1_SX300.jpg
tt4130224,Romeo + Julia,2014,Drama,9.8,18,"Norbert Kentrup, Navid Navid","Sebastian Bischoff, Barbara Kratz, Elke Küppers",135 min,N/A,N/A
tt29380101,Waymore Place,2024,Drama,9.8,17,"Rashiid Hewitt, Millimeter Mac","Debbie Bazza, Troy Cannonier, Julius Carr",N/A,A family drama centered around a prosperous African-American family and their daily struggles.,N/A
tt33384762,Nirjhor,2024,Drama,9.8,17,Akash Sananda,"Sreeparna, Nabamita, Sagnika",N/A,"In a world where we only care about stability, why do we keep putting up with injustice. Apolitical is a myth, rise and have an opinion.",https://m.media-amazon.com/images/M/MV5BMWZlNTJhOWQtOTRhNi00MzBhLWI2NjUtNzMzNWNjNzk3YzRjXkEyXkFqcGc@._V1_SX300.jpg
tt13583116,Strade interrotte,2021,Documentary,9.8,16,Lorenzo Borghini,Maurizio Lombardi,66 min,"Divided into four chapters, and narrated by Maurizio Lombardi's voice over ""Strade interrotte"" aims to raise awareness among road users - primarily the youngest - about the high degree of danger related to driving a motor vehicle....",https://m.media-amazon.com/images/M/MV5BMDkzMmQ2ODgtZmVmMi00Y2UwLTk1MGYtYzFiYjVjOTBkYjdkXkEyXkFqcGdeQXVyMTI2OTAyODA5._V1_SX300.jpg
tt32903258,"Islande, Sur les Traces de la Démocratie",2024,Documentary,9.8,16,Steve Vilhem,"Steve Vilhem, Ali Romdhani, Steve Vilhem",N/A,"In October 2008, Iceland's financial crisis led to the 'Pots and Pans Revolution,' inspiring a new Constitution through participatory democracy, highlighting citizens' efforts for reform.",https://m.media-amazon.com/images/M/MV5BYmUyYjUzYzUtMGIyNi00NjNlLTk0ZGUtMjI0ZmEyZjBkNGE5XkEyXkFqcGc@._V1_SX300.jpg
tt33008417,Siege at Nune High,2024,\N,9.8,16,Andy Buchan,"Casper Slater, Cassidy Buchan, Amy Whitehall Sands",75 min,"After everyone else has left for the weekend, detention and science club students find themselves trapped together, and when a masked gang lays siege to the school it forces the unlikely allies to unite in order to survive.",https://m.media-amazon.com/images/M/MV5BYzdkMzVkNmMtM2QyMS00NzVjLWExOTYtNjc0NjEwMTVkYzk0XkEyXkFqcGc@._V1_SX300.jpg
tt37762561,Six of a Kind,2025,Drama,9.8,16,Richards Omos-Iboyi,"Eronini Osinachim, Chinenye Ulaegbu, Stanley Ekwelike",133 min,"In the heart of a bustling city, a sleek, stylish apartment becomes ground zero for one epic mix-up. Six strangers-polar opposites in personality and purpose-find themselves double (and triple) booked into the same living space. W...",https://m.media-amazon.com/images/M/MV5BZGExMTg5ZGEtY2IwNy00Y2MwLWE4MTMtY2FhNzhkYzJlNjRkXkEyXkFqcGc@._V1_SX300.jpg
tt7760208,Shatter the Silence,2019,Documentary,9.8,16,Cheryl Allison,"Wendy Davis, Victoria Neave, Yvette Blair-Lavallais",57 min,"One community, many voices. Texas women and men in the Dallas/Fort Worth area discuss sexual harassment, rape culture, the watershed moment for women and the road ahead.",https://m.media-amazon.com/images/M/MV5BZDA0MjkyOGYtNzY5MC00MzY1LWEzOTYtODA5ZWFiZmE4Y2U3XkEyXkFqcGdeQXVyNDExNzQ5OTA@._V1_SX300.jpg
tt0824309,Desh Devi,2002,Drama,9.8,15,Milind Ukey,"Rekha Rao, Jaya Seal, Raj Singh Verma",150 min,The film is a devotional film in praise of Maa Ashapura Madhwali who is very much worshiped in the Kurch region of Gujarat...,N/A
tt1344645,My Father's Daughter,2002,Drama,9.8,15,Parul Bhatia,"Parul Bhatia, Deva George, Jeremy Schwab",87 min,"Adjustments, loneliness, exploration, friendship, disintegration, the unexpected, and a daughter's unconditional love for her father that kept a family together.",N/A
tt25053288,Libya the Land of Million Hafiz -Al Jazeera Documentary,2013,Documentary,9.8,15,Mohamed El Bahrawy,Mohamed El Bahrawy,N/A,N/A,N/A
tt27440677,Chandini Bar,2023,"Comedy,Romance",9.8,15,Raghavendra Kumar,"Siddesh Badanalavu, Mani Kanta Ediga, Raghavendra Kumar",132 min,,N/A
tt2920346,A Place to Call His Own,2013,Documentary,9.8,15,Mike Krumlauf,"Michael Castillo, Mike Krumlauf, Joe Mazzone",55 min,"A Documentary about Naperville, Illinois resident and Car Enthusiast, Matthew J McMahon.",https://m.media-amazon.com/images/M/MV5BMDZiN2I3YmYtNDIzNC00MTI5LThiYzQtNTAyYmJhMGU0ODk4XkEyXkFqcGdeQXVyMjA1NTA0NDg@._V1_SX300.jpg
tt31116944,Chaos Dragon and the Light,2023,Documentary,9.8,15,Sal Anderson,"Sal Anderson, Roland Denning, Natasha Westlake",60 min,"The documentary's themes of the trauma of war, migration and the refugee experience, are powerfully resonant today, the underlining theme of the role of art in healing resonates throughout the film.. This is the story of Marika He...",https://m.media-amazon.com/images/M/MV5BZmFkY2M3MTMtN2FhNi00MjI0LTk5ZGEtM2YzOGU3ZjUyMTVkXkEyXkFqcGdeQXVyMTczNjc2NjEx._V1_SX300.jpg
tt32143140,Survivors Speak: Domestic Abuse and the Legal System,2024,Documentary,9.8,15,Jarvis Greiner,"Jarvis Greiner, Jarvis Greiner, Paige Tymchuk",75 min,"In Alberta, domestic abuse survivors consistently report that the legal system is one of the most significant barriers to their healing journeys. The legal system has not been designed for survivors. Survivors who access it must o...",https://m.media-amazon.com/images/M/MV5BYTJkNGUzY2UtMzVhNS00MTg4LWJkNGEtMjA1ZWZiOTk3MzRlXkEyXkFqcGdeQXVyMjQ0MDI1MjE@._V1_SX300.jpg
tt38262468,Eidolon,2025,"Action,Crime,Drama",9.8,15,Brian Froonjian,"Bryant K Graves, Lexi Marie Hawks, Essex O'Brien",79 min,N/A,N/A
tt29102391,Ramblings of a Bomber Pilot,2023,Documentary,9.8,14,Austin Rich,Austin Rich,109 min,"Focuses on Captain Allen, WWII pilot who served in the Atlantic theater and made the ultimate sacrifice while serving his country.",https://m.media-amazon.com/images/M/MV5BZDU3MTk0YjMtZDY1MC00ZTNjLWI3NDgtZWY2NTJlYzA4MzUwXkEyXkFqcGdeQXVyNTUyMjUxMTM@._V1_SX300.jpg
tt31137250,American Sons,2025,Documentary,9.8,14,Andrew Gonzalez,"Billy Branch, Johnathan Eckert, Angel Rios",59 min,"A Marine brotherhood faces trauma and loss in Afghanistan, with Corporal JV Villarreal's first-person video diary serving as a haunting glimpse into their past and a testament to unbreakable bonds.",https://m.media-amazon.com/images/M/MV5BMGQ0OTI4NjEtOWYwMy00ZTY4LThkYTItYjBjYTAzYzBmNGU1XkEyXkFqcGc@._V1_SX300.jpg
tt31415428,Making Kayfabe,2024,"Comedy,Documentary",9.8,14,Omar Mouallem,"Michael Richard Blais, Ahmed Kheiri, Taryn Kroll",44 min,"Facing a mid-life crisis, a journalist discovers the regular folk moonlighting as indie wrestlers, who help him transform his childhood dream into reality as ""Fake Nooz Neville.""",https://m.media-amazon.com/images/M/MV5BZGYwYzkwNjEtNjIxNC00MjFlLWE4MzQtZDhlZmQyODg3YzExXkEyXkFqcGdeQXVyMDkyODQ0NQ@@._V1_SX300.jpg
tt32085188,XRP Unleashed,2024,Documentary,9.8,14,Christopher Dodge,"John Deaton, Steven Nerayoff, Jimmy Vallee",140 min,"Explore Ripple Labs epic battle against the SEC with the support of the XRP Army, XRPL developers and industry experts.",https://m.media-amazon.com/images/M/MV5BNzBiY2RkNmQtNGNjYS00MTM2LThmOWQtOTQxMmExZWRjMzJhXkEyXkFqcGc@._V1_SX300.jpg
tt5635744,I Hate My Neighbor!,2019,Drama,9.8,14,Stephanie Wynne,"Akili Roach, Lynette Smith, Joshua Basili",180 min,I Hate My Neighbor. A woman's barking dog is the catalyst for chaos and the chain of events that follow.,https://m.media-amazon.com/images/M/MV5BOGExYmIwYTMtY2U4YS00OTg5LWJkMjYtNjhjNzcwZDdhNzk4XkEyXkFqcGdeQXVyNDA2MDE1Nw@@._V1_SX300.jpg
tt29224728,A Tribe Called Love,2025,Romance,9.8,13,Mohamed Ahmed,"Feaven Abera, Leo Choy, Dalmar Abuzeid",95 min,"Two Somali youths from rival tribes fall in love in Toronto, facing conflict in their close-knit neighborhood. A modern Romeo and Juliet tale with Scott Pilgrim's style and Do The Right Thing's community dynamics.",https://m.media-amazon.com/images/M/MV5BMDRmYzNjODItOTllNy00NjM3LTgzOGEtMTBhMzQ1ZjkxNjc2XkEyXkFqcGc@._V1_SX300.jpg
tt31722241,Aakhreen Train: The Last Train,2023,Drama,9.8,13,Susheel Gajwani,"Mukesh Ahuja, Amit Aswani, Mohit Budhwani",140 min,"Aakhreen Train -The Last Train', a Sindhi feature film, is about the Partition of India and its painful consequences. The film is based on a platonic love story by the legendary Sindhi Writer Shri Thakur Chawla.",https://m.media-amazon.com/images/M/MV5BNjJiMGRhMGMtNjZhNC00YjBhLThiYWUtMDcwMjVhMTEyOTBlXkEyXkFqcGc@._V1_SX300.jpg
tt32116713,Megas afsakið meðanað ég æli,2023,Documentary,9.8,13,Spessi,"Spessi, Jón Karl Helgason, Spessi",93 min,"The documentary covers a story of Megas, an Icelandic singer songwriter that is little known outside the island even though he is a giant in the Icelandic music scene. We get a glimpse of the rebel, the punk rocker that was once.",https://m.media-amazon.com/images/M/MV5BZDdiZTE4NjEtYzkyMi00NzFmLWI0MGEtYTcxNTg0ZjYzNzE4XkEyXkFqcGdeQXVyMTY3Mzc4NTA0._V1_SX300.jpg
tt32213331,Envious and Jealousy,2025,"Drama,Thriller",9.8,13,Jeevan Singh,"Jordan Cover, Pyerre Clarke, Shacquan Palmer",40 min,"Its not an easy time in the suburbs of London, as Josiah and his friends deal with the difficulties and emotions of everyday life.",https://m.media-amazon.com/images/M/MV5BZTE3Mjc2YzItYjU0Yi00MWE2LWIxNDEtYzViMjg5OWM3MTkwXkEyXkFqcGc@._V1_SX300.jpg
tt5625792,Wrestling Alligators,2016,Documentary,9.8,13,Andrew Shea,"James Billie, Andrew Shea, Udy Epstein",87 min,"The greatest change to happen to Native Americans in the last 50 years is the creation of legalized gaming on Indian reservations, a revolution that has made self-reliance a reality for many tribes. James E. Billie, the man respon...",https://m.media-amazon.com/images/M/MV5BYjA2MmJiNjYtMGI1YS00MTcwLTkwZGMtNzRiZWI5N2VjOGZiXkEyXkFqcGdeQXVyMTAyNzk2NTAz._V1_SX300.jpg
tt0803072,Big Bones - Big Business,2004,Documentary,9.8,12,Ekaterina Eremenko,Kova Tilavpur,59 min,N/A,N/A
tt15418312,What Happened at the Veterans Home?,2021,Drama,9.8,12,Laura Wetzler,"Robin Burdulis, Judith Nelson Dilday, Sonya Joyner",50 min,"Three heroic women-a feisty disabled veteran, her nurse daughter, and a care worker-caught dead center in the pandemic debacle, refuse to be silenced. In a touch of magical realism, Covid chimes in.",https://m.media-amazon.com/images/M/MV5BMzQ3NTQxNWQtMGMwMS00Y2ZlLWE5ZGItNjYwNTNjZWY3M2Y0XkEyXkFqcGdeQXVyMTMzOTkzNTc2._V1_SX300.jpg
tt25415324,Asatveera,2021,Crime,9.8,12,Sankalp Sharma,"Ashok, Ashok Bajaj, Rahul Batham",127 min,N/A,https://m.media-amazon.com/images/M/MV5BN2JiN2U1ZDAtZWUyOS00YzU4LTkxM2ItNTk4M2Q1ZWY0MWIzXkEyXkFqcGdeQXVyMTYwNjY4MTIw._V1_SX300.jpg
tt28230767,Puppy Love,2023,Documentary,9.8,12,Gail Gilbert,"Gail Gilbert, Gail Gilbert, Amanda Marien",76 min,"When a healthy litter of pups suddenly becomes paralyzed and the vets say the dogs should be put down, a group of dedicated women rally together to fight for their survival.",https://m.media-amazon.com/images/M/MV5BZDc5ZDA3YzUtZjUwYi00NjZhLTkxYWItNTQ0ZDhiMDBiNGRlXkEyXkFqcGdeQXVyMjIzODI0NDY@._V1_SX300.jpg
tt32253481,The Dirty Gerund Poetry Show,2024,Documentary,9.8,12,Manuel Alvarado,Nicole Jean Turner,N/A,A concert film documenting The Dirty Gerund Poetry Show.,https://m.media-amazon.com/images/M/MV5BZGExM2UxYjktNjhmZi00Njk5LTkxOTEtMjkzMTBmYjUzNDkzXkEyXkFqcGc@._V1_SX300.jpg
tt35312114,Against All Odds,2025,Sci-Fi,9.8,12,Jack Faith,"Jack Faith, Rachel Paige, RayJay Serrano",71 min,N/A,https://m.media-amazon.com/images/M/MV5BYzY1NjI1YmQtNGU0Ny00NjI3LTlmMWUtM2JjYjZiODc0ZWVjXkEyXkFqcGc@._V1_SX300.jpg
tt38812952,Legacy: The Fifty State Story of Letters from Home,2025,Documentary,9.8,12,Dan Beckmann,"Erinn Dearth, Dan Beckmann, Myra Miller",80 min,N/A,N/A
tt9518824,Enakta Leiringei,2017,Romance,9.8,12,Longjam Manoranjan,"Kaiku, Soma Laishram, Soma",N/A,,https://m.media-amazon.com/images/M/MV5BYjc0ZGFhOGUtYmZhMy00OTAzLWFmODAtZTczMDZhMWZkOTYxXkEyXkFqcGdeQXVyNjIyNjM0NzE@._V1_SX300.jpg
tt15614514,Amche Samsar,2021,Family,9.8,11,Sandeep Kamath,"Kusuma Kamath, Sumathi Kamath, Pundalika Marate",N/A,N/A,https://m.media-amazon.com/images/M/MV5BODVkNzdkNTMtZWViZC00ODJhLWEzMGEtZjg3ZTJlMmJlNDdhXkEyXkFqcGdeQXVyODcwOTU3MDI@._V1_SX300.jpg
tt16790672,Freedom Street,2022,Documentary,9.8,11,Alfred Pek,"Nur Azizah, Trish Cameron, Carly Gordyn",114 min,14000 Refugees are trapped in limbo; caught in the crossfire of Australia's border policy and Indonesia's indifference.,https://m.media-amazon.com/images/M/MV5BZDY5YTBmYjgtZDdiMi00MzdjLWIxOWMtOWRkNDUzMTI1ZWNjXkEyXkFqcGdeQXVyNjk1NTc1NzI@._V1_SX300.jpg
tt36757883,Prin Ochii Lor,2025,Documentary,9.8,11,Liviu Vulpescu,"Liviu Vulpescu, Mihaila Victor, Liviu Vulpescu",N/A,"An intimate, cinematic documentary series that takes you behind the scenes of a Romanian Counter-Strike 2 team fighting to make a name for themselves in the local esports scene.",N/A
tt4211854,You Have His Eyes,2014,Documentary,9.8,11,Christopher Thomas Wilson,"Christopher Thomas Wilson, Christopher Thomas Wilson, Christopher Thomas Wilson",90 min,At three months old Christopher was adopted. 25 years later he reunited with his biological mother. He then began documenting his search for his father. An intense life-changing experience is captured as Chris uncovers the dormant tr,https://m.media-amazon.com/images/M/MV5BNGRhYTA0ODUtZmVhMC00ZjQwLWJjN2UtZmQyZmQyNzJkNjBmXkEyXkFqcGdeQXVyNTE2NjE5ODc@._V1_SX300.jpg
tt0144563,Racquel Untamed,1990,Adult,9.8,10,Henri Pachard,"Alex Storm, Racquel Darrian, Derrick Lane",74 min,N/A,N/A
tt11219324,Ending is the Beginning: The Mitch Lucker Memorial Show,2014,Music,9.8,10,Jerry Clubb,Aubin A. Sadiki,84 min,"On December 21, 2012, the metal community came together in an amazing way to celebrate the life of Mitch Lucker &amp; raise money for his daughter's future education with an unforgettable evening of collaborative performances between ...",https://m.media-amazon.com/images/M/MV5BMGU2NDBmOTYtNzdjOS00YmY0LTk0MjYtMGY1ZjAwNmE3ZTJmXkEyXkFqcGdeQXVyMTAxNTY1Nzg1._V1_SX300.jpg
tt15047258,Blind Surfer with Pete Gustin,2020,Reality-TV,9.8,10,Pete Gustin,Maggie Carpenter,N/A,"Pete Gustin is one of the world's most widely heard voice actors. He is also blind. After losing most of his eyesight, he decided to show the world that a disability wasn't going to slow him down. Instead of giving up and giving i...",https://m.media-amazon.com/images/M/MV5BZThjMjNhMjgtZWE4Ny00MmEzLTk2NjctNzI2ZDBmM2FjOTgwXkEyXkFqcGdeQXVyOTIxMDk1ODM@._V1_SX300.jpg
tt17077146,Rajdrohi Rajneta,2022,Documentary,9.8,10,"Jagat Nepal, Man Bahadur Thapa","Krishna Bahadur Gurung, Baladeb Majaganiya, Surya Bahadur Shrestha",47 min,N/A,https://m.media-amazon.com/images/M/MV5BMWNmMGRjNTItY2ZmMi00OWQzLWI4YzktYTU3NThlYmUxN2E4XkEyXkFqcGdeQXVyNzE5NDAyNjE@._V1_SX300.jpg
tt27404967,The Order of Things,2022,Documentary,9.8,10,"Ramona Badescu, Jeff Silva",Alexandru Badescu,72 min,"At ripe age of 90 years old, Alexandru gardens, jokes, and continues to repair watches in the workshop opened by his father in 1909, somewhere in southern Romania. But what is invisible to everyone, and what has changed his life f...",https://m.media-amazon.com/images/M/MV5BNTM2ZmQ3NWUtMzlhYS00OWY4LTlmOTktOTg3N2M3ZjA5MTZjXkEyXkFqcGdeQXVyNDYyNjM5MzM@._V1_SX300.jpg
tt31482393,Babymetal: Legend - Metal Galaxy,2020,Music,9.8,10,Chikara Tanaka,"Babymetal, Moa Kikuchi, Suzuka Nakamoto",136 min,Live concerts by Babymetal recorded on the 25. January 2020 and 26. January 2020 in Japan.,https://m.media-amazon.com/images/M/MV5BOTc4ZjFlMzktM2RhMy00NzY5LTgxMGYtMDY0YjJiYjRkNWY1XkEyXkFqcGdeQXVyMTU5NzQzNDg3._V1_SX300.jpg
tt6290022,Atrupt,2016,Thriller,9.8,10,Himmat Vans,"Neelam Bhanushali, Ayesha Qureshi, Mayra Awasthi",104 min,"Atrupt is a conflict story between three open minded spoiled girls, innocent lovers Babu &amp; Sapana and pervert police officer Rajat. it's a thriller game of murder, rape and unimaginable revenge.",https://m.media-amazon.com/images/M/MV5BNGI5MjFkNGItMWIxYS00NjYyLThjZjQtY2IxZGI3MTBmNThiL2ltYWdlL2ltYWdlXkEyXkFqcGdeQXVyMjYxNTI0MzM@._V1_SX300.jpg
tt6840618,Code of Revelation,2017,Drama,9.8,10,"David LI, Sophie Song","Peter Cao, Charles Chang, William Chen",46 min,"A bombshell video exposing secret atrocities, crucial product design files for a company-altering partnership, and a suddenly vanished key person. All of these mysteries center around the ...",https://m.media-amazon.com/images/M/MV5BNDg0OTgxOTUtZTJmYy00MWNjLWE5ZDctNzE1MDIxNWFiMDdiXkEyXkFqcGdeQXVyMjQ2NjA3ODc@._V1_SX300.jpg
tt6907244,Ikaw lang ang mamahalin: Camiguin,1995,Drama,9.8,10,Maryo J. de los Reyes,"Jomari Yllana, Gelli De Belen, Tiya Pusit",N/A,N/A,https://m.media-amazon.com/images/M/MV5BYjIzZDRlNTItNTJiYS00YmRhLWJkZWYtOGU1N2ZkOWIwNDcwXkEyXkFqcGdeQXVyMzMzMTQ2MzI@._V1_SX300.jpg
tt7234406,hitched,2017,\N,9.8,10,Kris Flink,"Rachelle Henry, Kelsi Umeko, Bryce Earhart",N/A,N/A,https://m.media-amazon.com/images/M/MV5BOGVhM2UyZjMtNTRhMi00MzM0LWIyNWMtNTE5Y2JkNTVmNzM1XkEyXkFqcGdeQXVyMzYzNjcxODQ@._V1_SX300.jpg
tt10229640,Dancing on the Elephant,2025,Drama,9.8,9,"Julia Neill, Jacob Z. Smith","Amanda Brugel, Sheila McCarthy, Mary Walsh",N/A,"Faced with a future of chair-xercise and spoon-fed pudding, nursing home friends Nora and Edna attempt to break out of the ""fox farm"" and find a life worth sticking around for.",https://m.media-amazon.com/images/M/MV5BNDY2NDljOTktZGYwZC00ZDQ2LWFjNjItYmVhNTg0NWE5MTY1XkEyXkFqcGc@._V1_SX300.jpg
tt16384444,The 5 Seconds of Summer Show,2021,Music,9.8,9,"Jason Lester, Nick Lopez","5 Seconds of Summer, Michael Clifford, Luke Hemmings",76 min,N/A,https://m.media-amazon.com/images/M/MV5BNDFjZGFmYjEtYmU4MC00YzdlLTk1MDktN2ZkOWFmMzhiY2E3XkEyXkFqcGdeQXVyNTA4NTM1NDE@._V1_SX300.jpg
tt20769662,Griôs,2023,Documentary,9.8,9,Uilson França,"Gisele Barthar, Solange Cruz Bichara, Iya Denise T' Ògún Botelho",64 min,N/A,https://m.media-amazon.com/images/M/MV5BNDk4NDliMzktZGU4Zi00MWY4LTk2MzktNTJkMjgyZTY0ZGMwXkEyXkFqcGdeQXVyMTI4ODk0Mjkx._V1_SX300.jpg
tt27957223,Suka Bhaira Sholay,2023,\N,9.8,9,Snehasis Das,"Satya Ranjan, Sukant Rath, Anubha Sourya",N/A,"A man Suka of Buguda, a village in Ganjam district who is a die-hard fan of Amitabh Bachchan. To brush off his body-shaming he tries to imitate his screen idol and recreates the magic of the 'SHOLAY' with some real-life adaptations.",https://m.media-amazon.com/images/M/MV5BMDc5NWRjMGItNGQzNC00NWRjLWEyZmMtNmZkZDU3NjFlNmI3XkEyXkFqcGdeQXVyMTI3OTMyMDI2._V1_SX300.jpg
tt31114780,Jacket Thieves,2024,Drama,9.8,9,Luke Hart-Moynihan,"Rylee White, Omar A. Said",74 min,N/A,https://m.media-amazon.com/images/M/MV5BMjI1YTIyNzAtOWEzMy00MmMxLTg4ZTItMGZjNDZlZTAzNmZhXkEyXkFqcGc@._V1_SX300.jpg
tt3222868,L'uomo dai quattro nomi,2013,"Biography,History",9.8,9,Claudio Costa,Alessandro D'Antonio,46 min,N/A,https://m.media-amazon.com/images/M/MV5BNmE3MDUxZDktODM1My00OTU5LThiMzMtMGQ0MzU5YjEzMGVkL2ltYWdlL2ltYWdlXkEyXkFqcGdeQXVyMTQ3Njg3MQ@@._V1_SX300.jpg
tt32743707,Indie Deal,2024,Drama,9.8,9,"Perry T Peters, Warren Upchurch","Warren Upchurch, Derrick Ballard Jr., Swoe Da Poet",N/A,"Gambler Tyrone borrows from gangsters, his wife dies in confrontation. He escapes, moves towns but past catches up in sequel where he seeks redemption, overcoming challenges from previous decisions.",https://m.media-amazon.com/images/M/MV5BNGJkZWY5YjMtYzlhNS00ZjA5LTkzOTEtZmRmYWJmNjIyMDZjXkEyXkFqcGc@._V1_SX300.jpg
tt33037052,It's A to Z: The Art of Arleen Schloss,2024,Documentary,9.8,9,Stuart Ginsberg,"Judy Alvarez, Peter Cramer",63 min,N/A,N/A
tt33145207,Agamemnon,2025,Drama,9.8,9,Gabriel Rios-Hannon,"Lyric Baker, Jostlyne Erbaugh, Daniel Mueller",N/A,"Written in 456 BC, Agamemnon is considered a foundation of Western Literature. The beautiful translation by British poet laureate Ted Hughes captures themes of arrogance, betrayal, and the thirst for absolute power that transcends...",https://m.media-amazon.com/images/M/MV5BYjNiNTc1NjAtOTZiZS00NzA2LTlkYTgtNTIwMTRiYjU5NTBiXkEyXkFqcGc@._V1_SX300.jpg
tt35440401,Patchwork Family,2024,"Documentary,Music",9.8,9,Sara Sulej,"Connell Johnny Irvine, Paul Pauly McDonagh, Laura Corcoran",56 min,"Patchwork Family is a documentary showcasing a passion for life, music, and creation. The band consists of 12 musicians. The film delves into the lives of each band member, exploring their history, and gradually assembles the indi...",https://m.media-amazon.com/images/M/MV5BZmY5N2EwZDQtMmIzMS00Njk4LTk2YjUtZjYwNWNlZGE5ZGE0XkEyXkFqcGc@._V1_SX300.jpg
tt5005448,Silhouette Secrets,2015,Documentary,9.8,9,Andi Reiss,Charles Burns,65 min,"Silhouette Secrets is a one-hour TV documentary in which a modern-day silhouette artist takes a journey back in time to explore the history of his shadowy art, asking the question ""Where did it come from?"". On the way he meets the...",https://m.media-amazon.com/images/M/MV5BYjJmZmQ4ODctZGFiZS00MzNjLWJlYjAtNmNiNGIwNzM2MzAwXkEyXkFqcGdeQXVyNjExMDc1MTM@._V1_SX300.jpg
tt5594612,Institutionalized,2015,Drama,9.8,9,Ms. Michelle,"Mervin Alexander, Eddie Kane Baker, Amanda Bates-Ross",N/A,N/A,N/A
tt6022188,L'ultimo sparviero,2016,History,9.8,9,Claudio Costa,"Cesare Palmieri, Maria Teresa Pincetti, Charles de Gaulle",57 min,N/A,N/A
tt7254996,La carica di Isbuscenskij,2017,History,9.8,9,Claudio Costa,"Giancarlo Cioffi, Silvano Abba, Alessandro Bettoni Cazzago",98 min,N/A,https://m.media-amazon.com/images/M/MV5BNDViOWY0OTItZjFhNS00NjJkLWE0MzgtZTk0Y2Q5YTFhYWI3XkEyXkFqcGdeQXVyMTEzNDA3Ng@@._V1_SX300.jpg
tt7386212,I Found My Heart in Sante Fe,2017,Romance,9.8,9,Bona Fajardo,"Roxanne Barcelo, Will Devaughn",62 min,N/A,https://m.media-amazon.com/images/M/MV5BMjNiNmM2OGYtODZhNC00NjQ4LTk2YzYtZDNhZjg1ZmM4MmI1XkEyXkFqcGdeQXVyNTI5NjIyMw@@._V1_SX300.jpg
tt0156768,Manik Raitong,1984,\N,9.8,8,Ardhendu Bhattacharya,"Chetana Das, Sheba Diengdoh, Benjamin Khongnor",149 min,N/A,N/A
tt0332090,Gottzfart,1994,\N,9.8,8,Mike Huber,Hanspeter Müller,N/A,N/A,N/A
tt10245960,The Invisible Visible,2022,Documentary,9.8,8,"Kireet Khurana, Harsh Doshi","Kireet Khurana, Kireet Khurana, Tehzeeb Khurana",N/A,THE INVISIBLE VISIBLE is a poignant 'Impact' documentary-feature on the estimated 70 million homeless people in India. It draws attention towards these 'invisibles' and seeks to 'visibilize' them. The sordid stories of the homeles...,https://m.media-amazon.com/images/M/MV5BN2NlMTJhMDQtZjUyYy00NjdhLWIzOTUtMmVjMmNjZDcyMTM2XkEyXkFqcGc@._V1_SX300.jpg
tt13139222,Before You Go-Love,2020,"Drama,Romance",9.8,8,"Tarun Rastogi, Shashank Shekhar Singh","Neeta Iyer, Vibhu Kaushik, Piyush Kumar",52 min,"The story opens up in the time of Pandemic, when the world was in pause mode and India announced a complete lockdown on the 22nd of March 2020. An Indian student who was studying in Chennai (a metro City in India), came back to hi...",https://m.media-amazon.com/images/M/MV5BNGI1MmVkY2MtNDlkOC00YmRmLTljNjgtZDBlZTk1NGJiNGNiXkEyXkFqcGdeQXVyNjg4Nzg4MjQ@._V1_SX300.jpg
tt14309356,Almost an Island,2021,Documentary,9.8,8,Jonathan VanBallenberghe,"Jonathan VanBallenberghe, Sharon Wahl, Jonathan VanBallenberghe",56 min,"ALMOST AN ISLAND is a cinematic portrait of the Goodwins, an Inupiaq family living above the Arctic Circle in Kotzebue, Alaska. T",https://m.media-amazon.com/images/M/MV5BMDhlOGI4ZTUtYzJhMi00MzZjLWE0MjQtNzlkZTBkYzE5NzY2XkEyXkFqcGdeQXVyMjIwODE2MjU@._V1_SX300.jpg
tt18247294,The Wired Prut,2011,Documentary,9.8,8,Leontina Vatamanu,"Leontina Vatamanu, Leontina Vatamanu, Virgiliu Margineanu",N/A,N/A,https://m.media-amazon.com/images/M/MV5BNmQyYTE4YTUtYzE2ZC00N2E4LWExMWUtNGZhYzIxYmY4OGEzXkEyXkFqcGdeQXVyMTQ5OTI4NDM4._V1_SX300.jpg
tt18247406,Carnaval Devoto,2015,Documentary,9.8,8,Regiana Queiroz,"Osvaldina Evangélica, Melissa Lyfer, Angélica Maués",54 min,N/A,https://m.media-amazon.com/images/M/MV5BODU1NmI5ZjItOTJkNi00Mjg0LWFlYTctOTY1MzI5YjJjZDUyXkEyXkFqcGdeQXVyMjExMDU2MTU@._V1_SX300.jpg
tt4250488,Bringing the Fallen Home,2014,Documentary,9.8,8,Cliff Springs,Craig Melvin,N/A,"Bringing the Fallen Home is a powerful and emotional film about real American heroes -- the brave fallen warriors who gave everything, and the brave families they left behind.",https://m.media-amazon.com/images/M/MV5BYjZhNzY2YTEtY2I2My00NGUxLWFmZDktYzRiYjk2MzgxNzk4L2ltYWdlXkEyXkFqcGdeQXVyNTY4ODg5Mjk@._V1_SX300.jpg
tt5277156,Sunflower Seed,2013,"Biography,History",9.8,8,Pascal Adant,"Gaëtan Wenders, Françoise Oriane, Fabrice Boutique",18 min,"June 1880. Vincent van Gogh shares the hardships of the Borains, the inhabitants of an area of Wallonia in Belgium.",https://m.media-amazon.com/images/M/MV5BNmM0NzI3MmYtNDdkMi00MDk2LWIxYmEtMzYxOTM2Yzk0MDczXkEyXkFqcGdeQXVyMjIzNDMxMTc@._V1_SX300.jpg
tt5870798,Somebody's Daughter,2004,Drama,9.8,8,Robert Cunningham,"Andrew Adamson, Christina Ayllon, Niamh Bowen",76 min,Marnie is a girl who has a troubled past. Family life was not as it should have been for her as a little girl. Years later having run from her demons she is back in her home city and old memories are back to haunt her.,https://m.media-amazon.com/images/M/MV5BMzEzNWE5NzktZTg4YS00YzAxLWIyZDktMDM2OWQ1OTdlYjk2XkEyXkFqcGdeQXVyNjcwODI3Nzk@._V1_SX300.jpg
tt6798336,Dalla Regia Marina alla Decima Mas,2017,History,9.8,8,Claudio Costa,Angelo Angelini,45 min,N/A,https://m.media-amazon.com/images/M/MV5BMTk1Y2RlMzEtNmRiMi00OWNlLWE2ZmItMDE0MTQwMGE5OTE4XkEyXkFqcGdeQXVyMTEzNDA3Ng@@._V1_SX300.jpg
tt7814732,Mr. Texas,1951,"Drama,Western",9.8,8,Dick Ross,"Cliff Barrows, Jerry Beavan, Billy Graham",65 min,N/A,N/A
tt0218278,Freedom Had a Price,1994,Documentary,9.8,7,Yurij Luhovy,Paul Almond,56 min,N/A,https://m.media-amazon.com/images/M/MV5BNmNhNjYxMzAtNzdmOS00NDA4LTk2YjMtNzUwZmNlZjBmN2FmXkEyXkFqcGdeQXVyNzI4MDMyMTU@._V1_SX300.jpg
tt0344146,One Ten: Two Forty,1993,Documentary,9.8,7,Brian Bleak,"Jeff Booth, Tom Carroll, Ross Clarke-Jones",58 min,N/A,N/A
tt0429713,Bursa senfonisi,1934,\N,9.8,7,Nazim Hikmet,Nazim Hikmet,N/A,N/A,N/A
tt11006990,Marineros,2019,Drama,9.8,7,Anthony Hernandez,"Michael De Mesa, Paul Hernandez, Claire Ruiz",120 min,N/A,https://m.media-amazon.com/images/M/MV5BNTUxODc4Y2MtZDcyZi00MzRjLTg1MTAtNjZhNDJlNGVhNGQyXkEyXkFqcGdeQXVyNTI5NjIyMw@@._V1_SX300.jpg
tt1268231,Jiwa remaja,1975,"Action,Crime,Drama",9.8,7,Jamil Sulong,"Hail Amir, Uji Rashid, Yusof Haslam",115 min,N/A,https://m.media-amazon.com/images/M/MV5BNjMxM2M1NjYtYzkyYy00MTQwLTk1YzYtMjk5NzVmMGY4YmM4XkEyXkFqcGdeQXVyNDkyMzMyODM@._V1_SX300.jpg
tt14231578,Duti Mon,2011,Drama,9.8,7,Subhash Sen,"Ashok Kumar, Ranjit Mallick, Rohit",N/A,N/A,N/A
tt15687336,Khyonachar,2021,Drama,9.8,7,Sourav Baishya,"Kulada Bhattacharya, Layan Ranjan, Himanshu Gogoi",N/A,"After the elder son and his family died in a car accident and disowning his younger son,Hitu Prasad has become lonely and reclusive. He is always busy with himself, unclean and has rejected religion. Hitu Prasad's younger son Ranjan ",https://m.media-amazon.com/images/M/MV5BOWZlNmI5ZTUtMTVhNy00ZDQwLTk3MmItNGVkODcxMjVkMWQ0XkEyXkFqcGdeQXVyMTE2MTg4MTU3._V1_SX300.jpg
tt16245226,Forever Endeavor,2024,Documentary,9.8,7,"Jonathan Mann, Mary Anne Rothberg","Jim Lovell, Marc Mellon, Robert Osborne",75 min,"If you are reading this, one day you will be dead. Hard truths and dark humor abound in this unorthodox documentary as a kaleidoscope of characters embarks on a serpentine exploration of existential questions about legacy, remembr...",https://m.media-amazon.com/images/M/MV5BMTY5NzAzNjgtZjgyNy00ZTk1LWE1NTQtODkxMTYwM2IyYjE3XkEyXkFqcGdeQXVyNjEwNzMxNw@@._V1_SX300.jpg
tt20768698,Pelas estradas do teatro levando cidadania,2014,Documentary,9.8,7,Uilson França,"Danillo Bethon, Raphael Bueno, Eduardo Chagas",69 min,"The Theatre Road, starkly portrays the battle of a theater group to perform your office and lead to the general public as to which see the world with an iconic show that portrays issues, citizenship, prejudice, loneliness, rights ...",https://m.media-amazon.com/images/M/MV5BNWM4NWVlNmQtOTVhYS00MTA1LTgxYjMtZTJhNTQxMjlkZDgyXkEyXkFqcGdeQXVyMTI4ODk0Mjkx._V1_SX300.jpg
tt22093074,Big Ass Bhabhi,2022,Adult,9.8,7,N/A,"Rosie Cage, Niks Indian",60 min,"Big Ass Horny Bhabhi was home alone and fingering herself in her bedroom when the Devar Ji heard her sighs and moans and peaked into her bedroom. Bhabhi was rubbing her pussy and moaning-""MUJHE LUND DO"" (GIVE ME DICK) That was eno...",N/A
tt26747849,Squirting MILFs,2022,Adult,9.8,7,Miles Long,"Adriana Chechik, Nina Elle, Alexis Fawx",N/A,N/A,N/A
tt32729017,Protean,2025,Thriller,9.8,7,Antwan Booker,"Le'Roy Kester, Tio Ragland, Gina Padilla",141 min,"A successful widowed man, missing his beloved wife, who wants to put the past behind him, starts to date again by making multiple friendships. Demented and delusional, David Stokes can't manage his anxiety.",https://m.media-amazon.com/images/M/MV5BMWE4ZjBmZDgtMGUyYi00MTRlLTg4YmEtZDRjOWQ0OTcyOGRiXkEyXkFqcGc@._V1_SX300.jpg
tt34869597,Jagga Tax,2002,Action,9.8,7,Masood Butt,"Shaan Shahid, Asad Bukhari, Saima Noor",150 min,N/A,N/A
tt37675560,Rayba Imandar,2025,Drama,9.8,7,Sayeed Akhtar,"Naresh Gadekar, Vijay Gumgaokar, Balu Ingle",120 min,"Rayba Imandar is a loyal and honest party Party worker who aspires to become President in the local elections. Faced with internal politics, corruption, and betrayal, his journey highlights the struggle of staying True.",https://m.media-amazon.com/images/M/MV5BMmI2MDZjZDQtOGYzNy00NmE4LWEwM2QtM2E1MzZkODE2MWIwXkEyXkFqcGc@._V1_SX300.jpg
tt8449430,Yeshurun in 6 Chapters,2018,Documentary,9.8,7,Amichai Chasson,"Dror Burstein, Oded Carmeli, Eliaz Cohen",55 min,"The great outsider poet Avot Yeshoron was the first to write about the Naqba, mixing Hebrew, Arabic and Yiddish. Haunted for most of his life, he gained great respect in his final years, becoming a hero of a generation.",https://m.media-amazon.com/images/M/MV5BNGI3YjA5ZTUtOGQwMy00NzU0LTkyOWEtNzhkNjNjY2U0MGE1XkEyXkFqcGdeQXVyNzk5MTE1NjI@._V1_SX300.jpg
tt8883466,Anything You Lose,2019,Documentary,9.8,7,Irina Vodar,"David Barad, Kaushal Kadam, Jacques Moritz",64 min,Director's seven-year personal journey through assisted reproduction results in an eye-opening study of prolonged exposure to IVF treatment and the underlying marketing drive behind the medical system of reproductive technologies.,https://m.media-amazon.com/images/M/MV5BMjdiYzk0OTEtNTE3OS00NzNlLTk1ZDEtY2FjYTBhZmRkYmZhXkEyXkFqcGdeQXVyOTM0NTI5Nw@@._V1_SX300.jpg
tt9213214,Looking For A Heart Of Gold,2022,Drama,9.8,7,Rudolf Mestdagh,"Pamelli Marafon, Rudolf Mestdagh, Ka Ribas",80 min,N/A,https://m.media-amazon.com/images/M/MV5BZWJmMDNkZWEtZWQxYy00Y2NhLWI1OGItZjA3OGJkN2M2NDhjXkEyXkFqcGdeQXVyMDgxODc5NA@@._V1_SX300.jpg
tt0173749,Csonka Bereg,1989,Documentary,9.8,6,Sándor Sára,"Sándor Sára, Sándor Sára, Sándor Kurucz",152 min,N/A,N/A
tt10693484,Venice Carnival Unmasked,2019,Documentary,9.8,6,Ellis Gardiner,Tim Fenn,99 min,"Set in one of the most beautiful cities in the world, Gardiner and John bring the fairy tale and magic of Venice Carnival to the movie scene with a collection of heartfelt and bewitching stories",https://m.media-amazon.com/images/M/MV5BZDA5NzZhMzAtM2ZlZS00YzZkLTk2MGQtM2E2ZDQzODk1YWY3XkEyXkFqcGdeQXVyODg3MTc5OTc@._V1_SX300.jpg
tt11046672,Jaaneman,2014,Drama,9.8,6,Arvind Choubey,"Khesari Lal Yadav, Kajal Raghwani, Shikha Mishra",156 min,N/A,N/A
tt32097050,Genocide in the Wildflower State,2024,Documentary,9.8,6,Frank Rijavec,Kelton Pell,59 min,Thousands of Aboriginal children were taken from their families and communities under a government program that attempted to eliminate the so-called 'half-caste problem' in twentieth century Western Australia. Fearing that a growi...,N/A
tt32776451,A Thousand Forests,2024,Drama,9.8,6,Hanz Florentino,"Dennah Bautista, Santino Santiago, Ramjean Entera",117 min,"Five teenagers join the prestigious Philippine Forest Camp for a chance to travel the world. As they navigate this journey, they unearth far more than exotic landscapes.",https://m.media-amazon.com/images/M/MV5BMDkxYTk2NGItNGVhZC00MGI1LWFlN2ItMzI3NTk5NWUwMmQzXkEyXkFqcGc@._V1_SX300.jpg
tt35665501,Swedishkayt: YidLife Crisis in Stockholm,2025,Documentary,9.8,6,"Eli Batalion, Jamie Elman","Eli Batalion, Jamie Elman, Eli Batalion",77 min,N/A,https://m.media-amazon.com/images/M/MV5BNjEyMTcxOWQtMmMxZC00ZWM1LThkMTAtMjdlOTMwYjc5NmM2XkEyXkFqcGc@._V1_SX300.jpg
tt36820134,Gali Gali Theatre,2025,Drama,9.8,6,Rahul Tiwari,"Rahul Tiwari, Himanshee Lakhmani, Bachan Pachehra",N/A,"This is a Theatre group, its director is Rahul Tiwari, Since 1999 Rahul Tiwari has been working as a film editor in the film Industry in Mumbai. Many of his films have also received National Awards and International Awards.",N/A
tt36962752,Uma Chamada Furry,2025,Documentary,9.8,6,Paola Champi Vega Cat,"Paola Champi Vega Cat, Rafael Alziro, Paulo Pessôa Neto Pulim Panetone",50 min,N/A,N/A
tt37897087,A Knight in Tinfoil,2025,Fantasy,9.8,6,Maverick Johnstone,"Madeline Cook, Maverick Johnstone, Simon Park",48 min,"The life of a teenager and a knight are intertwined, and come to a chaotic head.",https://m.media-amazon.com/images/M/MV5BMzEwOGYwY2UtNTU2Yy00MjMwLWE5NDktN2UwYTRjMmRiODZlXkEyXkFqcGc@._V1_SX300.jpg
tt5289066,La pas prin Bucuresti,2015,Documentary,9.8,6,Florin Andreescu,Sandu Mihai Gruia,N/A,"Enthusiastically rediscovered by its own inhabitants, thronged with tourists seduced by the melange of contrasts that is the city's street life, today's Bucharest is, one has to admit, terribly attractive.",N/A
tt17348910,Part-Time,1996,Comedy,9.8,5,Sarif Qurbanaliyev,"Yasar Nuriyev, Macnun Hacibayov, Telman Adigözalov",88 min,N/A,N/A
tt35396881,Stabbed in the Face: The Rise and Fall of the World's Most Violent Band,2023,"Documentary,Music",9.8,5,Eric Griffin,"Gene Altieri, Frank Barlow, Mike Beer",90 min,"An alternative documentary following the trail of blood and carnage of Philadelphia's own Deathmatch Rock n' Roll pioneers, Eat the Turnbuckle, from beer-soaked bars to the largest stage in the world of metal.",https://m.media-amazon.com/images/M/MV5BYjMyMTAzZDAtNDA3MS00ODkwLThhYmYtYWM5MDI4ZmJkY2I2XkEyXkFqcGc@._V1_SX300.jpg
tt35663594,Tóxico Narcisista,2024,Drama,9.8,5,Nicolás Quindt,"Zoe Bertona, Ariel Ottaviani, Nicolás Quindt",N/A,N/A,https://m.media-amazon.com/images/M/MV5BZGNmOWJjMTgtOTUwYy00MmM2LWE2NDgtOGM2ZGE5MmU3Nzk1XkEyXkFqcGc@._V1_SX300.jpg
tt37928085,Devoured,2015,"Drama,Thriller",9.8,5,Tom de Beus,"Joey Blangé, Anastasia Reshetnikova",N/A,"A man battles a rising tide of violent hallucinations after running out of his anti-psychotic medication, forcing him to question whether he can trust his mind-or protect the woman he loves.",N/A
tt38261759,Ik Tere Kar K,2025,Drama,9.8,5,Bunty Jandwalia,"Prabh Gill, Kamal Khangura, Fatima Alvi",117 min,N/A,N/A
tt38628151,Children of Yamato,2025,Documentary,9.8,5,"John H. LaDue Jr., Jennifer LaDue Miyagawa","N/A, N/A",80 min,N/A,N/A
tt38702663,Super-Yusuf,2025,Comedy,9.8,5,N/A,"Naomi Anime, PJ Cykranosh Bendy, Vladlen Bendy",N/A,N/A,N/A
tt38798371,Reel Star,2025,\N,9.8,5,"Robin Verghese, Simmy Joseph","Prasad Oak, Bhushan Manjule, Milind Shinde",155 min,N/A,N/A
tt38949436,Itlu Me Yedava,2025,"Comedy,Drama,Family",9.7,2177,"Thrinadh Katari, Naveen Nalamasa","Thrinadh Katari, Sahithi Avancha, Tanikella Bharani",132 min,N/A,N/A
tt36460794,Kousalya Tanaya Ragava,2025,\N,9.7,1212,Swamy Patnaik,"Mahesh Achanta, Rajesh Konchada, Sunitha Manohar",147 min,"Against the backdrop of rural Ramapuram in 1986, Raghava and Kavya's love story unfolds among the colorful village personalities.",https://m.media-amazon.com/images/M/MV5BNjU3MjkxNTktNzFlZC00NDA0LWFhNDAtMzhiZjY2ZjI2MjM1XkEyXkFqcGc@._V1_SX300.jpg
tt37561269,Raju Gaani Savaal,2025,"Action,Drama",9.7,1081,Ravinder Lelijala,"Ravinder Lelijala, Rittika Chakraborty, Sandya Rathod",113 min,"Set against the vibrant backdrop of Hyderabad's old basti's, ""Raju Gaani Savaal"" is a gripping tale of resilience and community spirit. The story follows Raju, who runs a small mobile repair shop and is the sole breadwinner for hi...",https://m.media-amazon.com/images/M/MV5BOGFhMWFiNGMtM2NmOC00NTAzLTljM2QtMmJlOTFkOTkwOGNkXkEyXkFqcGc@._V1_SX300.jpg
tt38554716,Dusshera,2025,Thriller,9.7,509,Chinmay Naik,"Jagdish Italiya, Yug Italiya, Kartik J",138 min,N/A,N/A
tt0305663,Illusory Thoughts,1989,"Documentary,Drama,Music",9.7,393,Patrick Chu,Patrick Chu,72 min,N/A,N/A
tt29553451,Shoshite,2023,Drama,9.7,265,Sasidhar Reddy Parlapalli,"Prashantkumar Ramaswamy, Janvi Rayala, Roopa Rayappa",104 min,"Jyoti, battling infertility and financial woes, grapples with trust and betrayal. The film depicts a middle-class family's resilience, emphasizing the need for empowerment and support in India.",https://m.media-amazon.com/images/M/MV5BMzBhODVkODAtODc1Mi00NGExLWEwMjUtYTMzMTI3MDQzYmFkXkEyXkFqcGdeQXVyMTY2OTMxNzA4._V1_SX300.jpg
tt13149476,The Dark,2025,"Horror,Mystery,Thriller",9.7,162,Mauricio Chernovetzky,"Checo Rubio, Giancarlo Ruiz",85 min,"During Covid19, Carlos flees from his home- pulled towards a mysterious mountain in the wilderness where he thinks he can stay safe and reconnect with his childhood. But when Joey steps out of the woods, things take a dark turn.",https://m.media-amazon.com/images/M/MV5BYWVjMjU2OTAtMDhiZi00M2E4LTk1MzMtNmYxZTgzY2I3MTlmXkEyXkFqcGc@._V1_SX300.jpg
tt1570358,Identity of the Soul,2009,Drama,9.7,144,Thomas Høegh,"Vanessa Redgrave, Catherine Bennett, Delphine Gaborit",60 min,N/A,N/A
tt1326868,The Story of Your Life,2008,"Drama,Romance,Thriller",9.7,140,Jesse Cilio,"Bipasha Basu, Casey Cilio, Jesse Cilio",93 min,"In the back-alleys of Hollywood, burnt-out transplants hang on the edge of sanity and the brink of disaster. But two lost souls, Jack and Lady Jane, find a glimmer of hope, manifesting itself in a deep connection and a dangerous love.",N/A
tt37897393,Monster,2024,Fantasy,9.7,133,Sheng Tao,"Sheng Tao, Sheng Tao, Sheng Tao",75 min,"Set in the late Ming Dynasty, the story follows three enclosed-ground hunters who are close friends: Qi Feng, Yang Shiyi, and Yun Xiaotian. They assist the people along the upper reaches of the Yellow River",N/A
tt33256963,Luca: Seeing Red,2025,Documentary,9.7,128,"Christopher M. Armstrong, Manish Pandey",Luca Montezemolo,N/A,Chris Harris travels to Italy to spend a week with Ferrari legend Luca Montezemolo,https://m.media-amazon.com/images/M/MV5BNjBjYjIzNTYtOTI5MS00YWYyLWFiMTAtOTVhNGRiNGI2Yjc0XkEyXkFqcGc@._V1_SX300.jpg
tt4866704,Wheels of War,2015,"Documentary,War",9.7,124,Rami Kodeih,"Ghassan Haidar, George Jreije, Jamal Kahwaji",57 min,"Four ex-militiamen from opposing factions of the Lebanese Civil War, whose unified passion for motorcycle-riding inspires them to put down their weapons for good.",N/A
tt7344296,Memories,2019,Fantasy,9.7,105,Soo Sung Lee,"Lee Jae-woo, Han Joo-Young, Henri Sallis",96 min,"A man's story, Solitude and communication Following a woman's trail Memories, Human insight and lyricism",https://m.media-amazon.com/images/M/MV5BNDM1ZWIyZjItODcwOS00MDAzLTg1NmEtMTFmZGJjYTdmYTBiXkEyXkFqcGdeQXVyNjE5Mzg3NzU@._V1_SX300.jpg
tt27678908,Dheera Samrat,2024,"Crime,Thriller",9.7,101,Pavan Kumar,"Adhvithi Shetty, Rakesh Biradar, Sankalp Patil",123 min,"The movie depicts a family that connects through the habitual greed, witchcraft and vengeance of the upright.",https://m.media-amazon.com/images/M/MV5BZjk2ODQ3OTYtMDZlYS00M2FhLWJhNjgtNmMyNzFhOTFiYzE4XkEyXkFqcGdeQXVyNjY0OTkzMjk@._V1_SX300.jpg
tt0759483,Antes de a Vida Começar,2006,Biography,9.7,99,António Borges Correia,"Isabel de Castro, António Borges Correia, António Amaral",65 min,N/A,https://m.media-amazon.com/images/M/MV5BNTBjZGZlZTMtMWVkNS00NzI5LTk0M2YtMWZhZjhiOTUzYmY0XkEyXkFqcGdeQXVyMTQzNTE0NTU@._V1_SX300.jpg
tt35917983,The Greatest Fire That Never Should've Happened,2025,Documentary,9.7,94,Joel Hodge,"Gary Faust, Joel Hodge, Clayton LaDue",122 min,"Gary and Joel head to LA to cover the 2025 LA Fires, providing an alternative perspective not shown by the main stream media, revealing the truth directly from the locals, and shining a light on the things the news doesn't want yo...",https://m.media-amazon.com/images/M/MV5BMzY4MmJjMjMtNDczYi00ZTM4LTg1MjItMzBiOTExNjllMjU5XkEyXkFqcGc@._V1_SX300.jpg
tt36589890,The Rose: Come Back to Me,2025,"Biography,Documentary,Music",9.7,89,Eugene Yi,"Dojoon, Hajoon, Jaehyeong",85 min,An intimate documentary chronicling the remarkable journey of The Rose - from their humble beginnings as a South Korean indie band to their rise as a global sensation.,https://m.media-amazon.com/images/M/MV5BMjgyZDdjM2MtMzJiYi00OGI2LWFjNDUtMmZhN2E0ZDI0NzRlXkEyXkFqcGc@._V1_SX300.jpg
tt16477464,Fishmans: Otokotachi no Wakare 98.12.28 @ Akasaka Blitz,2005,Music,9.7,86,N/A,Honzi,N/A,It documents the band's final live performance with frontman Shinji Sato.,https://m.media-amazon.com/images/M/MV5BODRlMTI0YjQtMjk5Ni00ZjkzLTlhZWUtN2NkODZjY2FmNmU5XkEyXkFqcGc@._V1_SX300.jpg
tt18815714,Prem Prakaran,\N,"Drama,Romance",9.7,86,"Chandresh Bhatt, Jayprit Vasava","Gaurav Paswala, Esha Kansara, Deeksha Joshi",162 min,"A small-town guy Adi, transcends the efforts for his true love, but the reality strikes him in the form of unrequited love. However, the love that Adi had showered onto someone, eventually comes back in all its gravity.",https://m.media-amazon.com/images/M/MV5BNjczYzQ2N2ItNjA1MC00NmFkLWI2MzUtY2NjOTQ1MTAwYmZjXkEyXkFqcGdeQXVyMTMwMjU0OTc0._V1_SX300.jpg
